hdump: hex offset data
000000: 00000000 00000000 00000000 00000000     ................
000010: 00000000 00000000 00000000 00000000     ................
000020: 00000000 00000000 00000000 00000000     ................
000030: 00000000 00000000 00000000 00000000     ................
000040: 00000000 00000000 00000000 00000000     ................
000050: 00000000 00000000 00000000 00000000     ................
000060: 00000000 00000000 00000000 00000000     ................
000070: 00000000 00000000 00000000 00000000     ................
000080: 00000000 00000000 00000000 00000000     ................
000090: 00000000 00000000 00000000 00000000     ................
0000A0: 00000000 00000000 00000000 00000000     ................
0000B0: 00000000 00000000 00000000 00000000     ................
0000C0: 00000000 00000000 20000000 00000000     ........ .......
0000D0: 00000000 00000000 00000000 00000000     ................
0000E0: 00000000 00000000 00000000 00000000     ................
0000F0: 00000000 00000000 00000000 00000000     ................
000100: 78A2FF9A 18FBE230 204782A5 208D2221     x......0 G.. ."!
000110: A5218D22 21E620D0 02C6214C 0B81A520     .!."!. ...!L... 
000120: 8D2221A5 218D2221 E620D002 C62160A9     ."!.!."!. ...!`.
000130: 8F8D0021 A9018D01 21A9008D 02218D03     ...!....!....!..
000140: 21A9098D 0521A900 8D0621A9 018D0721     !....!....!....!
000150: A9118D08 21A97A8D 0921A979 8D0A21A9     ....!.z..!.y..!.
000160: 448D0B21 A9778D0C 21A9008D 0D218D0D     D..!.w..!....!..
000170: 218D0E21 8D0E218D 0F218D0F 218D1021     !..!..!..!..!..!
000180: 8D10218D 11218D11 218D1221 8D12218D     ..!..!..!..!..!.
000190: 13218D13 218D1421 8D1421A9 808D1521     .!..!..!..!....!
0001A0: A9008D16 218D1721 8D1A218D 1B21A901     ....!..!..!..!..
0001B0: 8D1B21A9 008D1C21 8D1C218D 1D218D1D     ..!....!..!..!..
0001C0: 218D1E21 A9018D1E 21A9008D 1F218D1F     !..!....!....!..
0001D0: 218D2021 8D20218D 21218D23 218D2421     !. !. !.!!.#!.$!
0001E0: 8D25218D 26218D27 218D2821 8D29218D     .%!.&!.'!.(!.)!.
0001F0: 2A218D2B 21A9178D 2C21A917 8D2D21A9     *!.+!...,!...-!.
000200: 008D2E21 8D2F21A9 308D3021 A9008D31     ...!./!.0.0!...1
000210: 21A9E08D 3221A900 8D33218D 0042A9FF     !...2!...3!..B..
000220: 8D0142A9 008D0242 8D03428D 04428D05     ..B....B..B..B..
000230: 428D0642 8D07428D 08428D09 428D0A42     B..B..B..B..B..B
000240: 8D0B428D 0C4260A9 008D0042 A9808D00     ..B..B`....B....
000250: 21202F81 A90F8D00 21605468 69732069     ! /.....!`This i
000260: 73206120 74657374 206F6620 74686500     s a test of the.
000270: 00000000 00000000 00000000 00000000     ................
000280: 00000000 00000000 00000000 00000000     ................
000290: 00000000 00000000 00000000 00000000     ................
0002A0: 00000000 00000000 00000000 00000000     ................
0002B0: 00000000 00000000 00000000 00000000     ................
0002C0: 00000000 00000000 06830000 00000081     ................
0002D0: 00000000 00000000 00000000 00000000     ................
0002E0: 00000000 00000000 00000000 00000000     ................
0002F0: 00000000 00000000 00000000 00000004     ................
000300: 20000000 00000000 00000000 00000000      ...............
000310: 00000000 00000000 00000000 00000000     ................
000320: 00000000 00000000 00000000 00000000     ................
000330: 00000000 00000000 00000000 00000000     ................
000340: 00000000 00000000 00000000 00000000     ................
000350: 00000000 00000000 00000000 00000000     ................
000360: 00000000 00000000 00000000 00000000     ................
000370: 00000000 00000000 00000000 00000000     ................
000380: 00000000 00000000 00000000 00000000     ................
000390: 00000001 00000000 00000000 00000000     ................
0003A0: 00000000 00000000 00000000 00000000     ................
0003B0: 00000000 00000080 00000000 00000000     ................
0003C0: 00000000 00000000 80000000 00000000     ................
0003D0: 00000000 00000000 00000000 00000000     ................
0003E0: 00000000 00000000 00000000 00000000     ................
0003F0: 00000000 00000000 00000000 00000000     ................
000400: 00000000 00000000 00000000 00000000     ................
000410: 00000000 00000000 00000000 00000000     ................
000420: 00000000 00000000 00000000 00000000     ................
000430: 00000000 00000000 00000000 00000000     ................
000440: 00000000 00000000 00000000 00000000     ................
000450: 00000000 00000000 00000000 00000000     ................
000460: 00000000 00000000 00000000 00000000     ................
000470: 00000000 00000000 00000000 00000000     ................
000480: 00000000 00000000 00000000 00000000     ................
000490: 00000000 00000000 00000000 00000000     ................
0004A0: 00000000 00000000 00000000 00000000     ................
0004B0: 00000000 00000000 00000000 00000000     ................
0004C0: 00000000 00000000 00000000 00000000     ................
0004D0: 00000000 00000000 00000000 00000000     ................
0004E0: 00000000 00000000 00000000 00000000     ................
0004F0: 00000000 00000000 00000000 00000000     ................
000500: 00000000 00000000 00000000 00000000     ................
000510: 00000000 00000000 00000000 00000000     ................
000520: 00000000 00000000 00000000 00000000     ................
000530: 00000000 00000000 00000000 00000000     ................
000540: 00000000 00000000 00000000 00000000     ................
000550: 00000000 00000000 00000000 00000000     ................
000560: 00000000 00000000 00000000 00000000     ................
000570: 00000000 00000000 00000000 00000000     ................
000580: 00000000 00000000 00000000 00000000     ................
000590: 00000000 00000000 00000000 00000000     ................
0005A0: 00000000 00000000 00000000 00000000     ................
0005B0: 00000000 00000000 00000000 00000000     ................
0005C0: 00000000 00000000 00000000 00000000     ................
0005D0: 00000000 00000000 00000000 00000000     ................
0005E0: 00000000 00000000 00000000 00000000     ................
0005F0: 00000000 00000000 00000000 00000000     ................
000600: 00000000 00000000 00000000 00000000     ................
000610: 00000000 00000000 00000000 00000000     ................
000620: 00000000 00000000 00000000 00000000     ................
000630: 00000000 00000000 00000000 00000000     ................
000640: 00000000 00000000 00000000 00000000     ................
000650: 00000000 00000000 00000000 00000000     ................
000660: 00000000 00000000 00000000 00000000     ................
000670: 00000000 00000000 00000000 00000000     ................
000680: 00000000 00000000 00000000 00000000     ................
000690: 00000000 00002000 00000000 00000000     ...... .........
0006A0: 00000000 00000000 00000000 00000000     ................
0006B0: 00000000 00000000 00000000 00000000     ................
0006C0: 00000000 00000000 00000000 00000000     ................
0006D0: 00000000 00000000 00000000 00000000     ................
0006E0: 00000000 00000000 00000000 00000000     ................
0006F0: 00000000 00000000 00000000 00000000     ................
000700: 00000000 00000000 00000000 00000000     ................
000710: 00000000 00000000 00000000 00000000     ................
000720: 00000000 00000000 00000000 00000000     ................
000730: 00000000 00000000 00000000 00000000     ................
000740: 00000000 00000000 00000000 00000000     ................
000750: 00000000 00000000 00000000 00000000     ................
000760: 00000000 00000000 00000000 00000000     ................
000770: 00000008 00000000 00000000 00000000     ................
000780: 00000000 00000000 00000000 00000000     ................
000790: 00000000 00000000 00000000 00000000     ................
0007A0: 00000000 00000000 00000000 00000000     ................
0007B0: 00000000 00000000 00000000 00000000     ................
0007C0: 00000000 00000000 00000000 00000000     ................
0007D0: 00000000 00000000 00000000 00000000     ................
0007E0: 00000000 00000000 00000000 00000000     ................
0007F0: 00000000 00000000 00000000 00000000     ................
000800: 41000000 00000000 00000000 00000000     A...............
000810: 00000000 00000000 00000000 00000000     ................
000820: 00000000 00000000 00000000 00000000     ................
000830: 00000000 00000000 00000000 00000000     ................
000840: 00000000 00000000 00000000 00000000     ................
000850: 00000000 00000000 00000000 00000000     ................
000860: 00000000 00000000 00000000 00000000     ................
000870: 00000000 00000000 00000000 00000000     ................
000880: 00000000 00000000 00000000 00000000     ................
000890: 00000000 00000000 00000000 00000000     ................
0008A0: 00000000 00000000 00000000 00000000     ................
0008B0: 00000000 00000000 00000000 00000000     ................
0008C0: 00000000 00000000 00980000 00000000     ................
0008D0: 00000000 00000000 00000000 00000000     ................
0008E0: 00000000 00000000 00000000 00000000     ................
0008F0: 00000000 00000000 00000000 00000000     ................
000900: 00000000 00000000 00000000 00000000     ................
000910: 00000000 00000000 00000000 00000000     ................
000920: 00000000 00000000 00000000 00000000     ................
000930: 00000000 00000000 00000000 00000000     ................
000940: 00000000 00000000 00000000 00000000     ................
000950: 00000000 00000000 00000000 00000000     ................
000960: 00000000 00000000 00000000 00000000     ................
000970: 00000000 00000000 00000000 00000000     ................
000980: 00000000 00000000 00000000 00000000     ................
000990: 00000000 00000000 00000000 00000000     ................
0009A0: 00000000 00000000 00000000 00000000     ................
0009B0: 00000000 00000000 00000000 00000000     ................
0009C0: 00000000 00000000 12000000 00000000     ................
0009D0: 00000000 00000000 00000000 00000000     ................
0009E0: 00000000 00000000 00000000 00000000     ................
0009F0: 00000000 00000000 00000000 00000000     ................
000A00: 08E23048 08E220A9 808D0021 2868988D     ..0H.. ....!(h..
000A10: 2121A000 B1048D22 21C8B104 8D2221C8     !!....."!...."!.
000A20: CAD0F128 6008E230 4808E220 A9808D00     ...(`..0H.. ....
000A30: 212868C2 3018A904 00650685 0CA50A29     !(h.0....e.....)
000A40: FF002A2A 2A2A2A85 0AA00200 B106A8B2     ..*****.........
000A50: 06AAA510 18650A65 088D1621 E220A980     .....e.e...!. ..
000A60: 8D1521C2 20B20C18 650E8D18 21E60CE6     ..!. ...e...!...
000A70: 0CCAD0F1 18A92000 650A850A 88D0D028     ...... .e......(
000A80: 6008E230 4808E220 A9808D00 212868C2     `..0H.. ....!(h.
000A90: 30A90040 8D1621A2 0004A900 008D1821     0..@..!........!
000AA0: 1ACAD0F9 E2304808 E220A90F 8D002128     .....0H.. ....!(
000AB0: 682860E2 3008E230 4808E220 A9808D00     h(`.0..0H.. ....
000AC0: 212868C2 30E220A9 808D1521 C220A515     !(h.0. ....!. ..
000AD0: AAA00000 B7128D18 21C8C8CA D0F62860     ........!.....(`
000AE0: 08E230A9 0F8517C6 17A51730 0A8D0021     ..0........0...!
000AF0: A904205F 8B80F028 6008E230 A9008517     .. _...(`..0....
000B00: E617A517 C910F00A 8D0021A9 04205F8B     ..........!.. _.
000B10: 80EE2860 08E230A9 008517E6 17A517C9     ..(`..0.........
000B20: 10F00A8D 0621A904 205F8B80 EE286008     .....!.. _...(`.
000B30: E230A90F 8517C617 A517300A 8D0621A9     .0........0...!.
000B40: 04205F8B 80F02860 08C230A9 0000A619     . _...(`..0.....
000B50: F00B4619 90031865 1B061B80 F1286008     ..F....e.....(`.
000B60: E2304808 E220AD10 422980D0 F9AD1042     .0H.. ..B).....B
000B70: 2980F0F9 AD104228 683AD0E6 286008E2     ).....B(h:..(`..
000B80: 3048A93C 205F8B68 3AD0F628 6008E220     0H.< _.h:..(`.. 
000B90: A2000080 0608E220 A2020048 08E220AD     ....... ...H.. .
000BA0: 10422980 D0F9AD10 422980F0 F9AD1042     .B).....B).....B
000BB0: 2868C210 DAE210E2 20A9018D 1640A900     (h...... ....@..
000BC0: 8D164085 1D851EA2 08061DAD 16402901     ..@..........@).
000BD0: 051D851D CAD0F2A2 08061EAD 16402901     .............@).
000BE0: 051E851E CAD0F2C2 10FA2860 209B8B09     ..........(` ...
000BF0: 00D0F960 08C23048 8A186900 788D1621     ...`..0H..i.x..!
000C00: E220A980 8D1521A3 0229F04A 4A4A4A18     . ....!..).JJJJ.
000C10: 6910C91A 90026906 8D1821A9 008D1921     i.....i...!....!
000C20: A302290F 186910C9 1A900269 068D1821     ..)..i.....i...!
000C30: A9008D19 21A30129 F04A4A4A 4A186910     ....!..).JJJJ.i.
000C40: C91A9002 69068D18 21A9008D 1921A301     ....i...!....!..
000C50: 290F1869 10C91A90 0269068D 1821A900     )..i.....i...!..
000C60: 8D1921C2 20682860 00000000 00000000     ..!. h(`........
000C70: 00000000 00000000 30307878 78783030     ........00xxxx00
000C80: 30300000 30300000 6C6C6C6C 6C6C0000     00..00..llllll..
000C90: 00000000 00000000 6C6C6C6C FEFE6C6C     ........llll..ll
000CA0: FEFE6C6C 6C6C0000 30307C7C C0C07878     ..llll..00||..xx
000CB0: 0C0CF8F8 30300000 0000C6C6 CCCC1818     ....00..........
000CC0: 30306666 C6C60000 38386C6C 38387676     00ff....88ll88vv
000CD0: DCDCCCCC 76760000 60606060 C0C00000     ....vv..````....
000CE0: 00000000 00000000 18183030 60606060     ..........00````
000CF0: 60603030 18180000 60603030 18181818     ``00....``00....
000D00: 18183030 60600000 00003030 30300000     ..00``....0000..
000D10: 00003030 30300000 00003030 30300000     ..0000....0000..
000D20: 00003030 30306060 00000000 00000000     ..0000``........
000D30: 00003030 30306060 00000000 0000FCFC     ..0000``........
000D40: 00000000 00000000 00000000 00000000     ................
000D50: 00003030 30300000 06060C0C 18183030     ..0000........00
000D60: 6060C0C0 80800000 7C7CC6C6 CECEDEDE     ``......||......
000D70: F6F6E6E6 7C7C0000 30307070 30303030     ....||..00pp0000
000D80: 30303030 78780000 F8F80C0C 0C0C3838     0000xx........88
000D90: 6060C0C0 FCFC0000 F8F80C0C 0C0C3838     ``............88
000DA0: 0C0C0C0C F8F80000 1C1C3C3C 6C6CCCCC     ..........<<ll..
000DB0: FEFE0C0C 0C0C0000 FCFCC0C0 F8F80C0C     ................
000DC0: 0C0C0C0C F8F80000 3C3C6060 C0C0F8F8     ........<<``....
000DD0: CCCCCCCC 78780000 FCFC0C0C 18183030     ....xx........00
000DE0: 6060C0C0 C0C00000 7878CCCC CCCC7878     ``......xx....xx
000DF0: CCCCCCCC 78780000 7878CCCC CCCC7C7C     ....xx..xx....||
000E00: 0C0C0C0C 78780000 00006666 3C3CFFFF     ....xx....ff<<..
000E10: 3C3C6666 00000000 00003030 3030FCFC     <<ff......0000..
000E20: 30303030 00000000 18183030 6060C0C0     0000......00``..
000E30: 60603030 18180000 00000000 FCFC0000     ``00............
000E40: 0000FCFC 00000000 60603030 18180C0C     ........``00....
000E50: 18183030 60600000 7878CCCC 0C0C1818     ..00``..xx......
000E60: 30300000 30300000 7C7CC6C6 DEDEDEDE     00..00..||......
000E70: DEDEC0C0 78780000 30307878 CCCCCCCC     ....xx..00xx....
000E80: FCFCCCCC CCCC0000 F8F8CCCC CCCCF8F8     ................
000E90: CCCCCCCC F8F80000 7C7CC0C0 C0C0C0C0     ........||......
000EA0: C0C0C0C0 7C7C0000 F8F8CCCC CCCCCCCC     ....||..........
000EB0: CCCCCCCC F8F80000 FCFCC0C0 C0C0F8F8     ................
000EC0: C0C0C0C0 FCFC0000 FCFCC0C0 C0C0F8F8     ................
000ED0: C0C0C0C0 C0C00000 7C7CC0C0 C0C0C0C0     ........||......
000EE0: DCDCCCCC 7C7C0000 CCCCCCCC CCCCFCFC     ....||..........
000EF0: CCCCCCCC CCCC0000 78783030 30303030     ........xx000000
000F00: 30303030 78780000 1E1E0C0C 0C0C0C0C     0000xx..........
000F10: 0C0C0C0C F8F80000 C6C6CCCC D8D8F0F0     ................
000F20: D8D8CCCC C6C60000 C0C0C0C0 C0C0C0C0     ................
000F30: C0C0C0C0 FCFC0000 C6C6EEEE FEFED6D6     ................
000F40: C6C6C6C6 C6C60000 C6C6E6E6 F6F6DEDE     ................
000F50: CECEC6C6 C6C60000 7878CCCC CCCCCCCC     ........xx......
000F60: CCCCCCCC 78780000 F8F8CCCC CCCCF8F8     ....xx..........
000F70: C0C0C0C0 C0C00000 7878CCCC CCCCCCCC     ........xx......
000F80: CCCCD8D8 6C6C0000 F8F8CCCC CCCCF8F8     ....ll..........
000F90: F0F0D8D8 CCCC0000 7C7CC0C0 C0C07878     ........||....xx
000FA0: 0C0C0C0C F8F80000 FCFC3030 30303030     ..........000000
000FB0: 30303030 30300000 CCCCCCCC CCCCCCCC     000000..........
000FC0: CCCCCCCC 7C7C0000 CCCCCCCC CCCCCCCC     ....||..........
000FD0: CCCC7878 30300000 C6C6C6C6 C6C6D6D6     ..xx00..........
000FE0: FEFEEEEE C6C60000 C6C6C6C6 6C6C3838     ............ll88
000FF0: 6C6CC6C6 C6C60000 CCCCCCCC CCCC7C7C     ll............||
001000: 0C0C0C0C F8F80000 FEFE0C0C 18183030     ..............00
001010: 6060C0C0 FEFE0000 78786060 60606060     ``......xx``````
001020: 60606060 78780000 C0C06060 30301818     ````xx....``00..
001030: 0C0C0606 02020000 78781818 18181818     ........xx......
001040: 18181818 78780000 10103838 6C6CC6C6     ....xx....88ll..
001050: 00000000 00000000 00000000 00000000     ................
001060: 00000000 0000FFFF 00009C03 1C230060     .............#.`
001070: 09621463 1F00350C 8003C516 08227001     .b.c..5......"p.
001080: EA000000 FE46FF7F 0000007C E003E07F     .....F....|...
001090: 1F001F7C FF03FF7F 00008410 2925AD35     ...|.......)%.5
0010A0: 524AD65A 7B6FFF7F 00009C03 3C0BDC12     RJ.Z{o.....<...
0010B0: 2000007C 6B6E1463 1F117B04 17008003      ..|kn.c..{.....
0010C0: 030F861A 08229C63 00009501 2F198455     .....".c..../..U
0010D0: 295E8C62 734E2000 7B36FD3E 5A2A1C23     )^.bsN .{6.>Z*.#
0010E0: 14001C00 1C02FF7F 00009802 F02D1422     ............-."
0010F0: 10420821 84000C4A B11A9C63 9F00FF33     .B.!...J...c...3
001100: 0C01FF3E 9C639C63 FF7F2100 15001F00     ...>.c.c.!.....
001110: 5F29FF4E 6360004C 087DB515 50155A6B     _).Nc`.L.}..P.Zk
001120: FF4FDF03 9E3AFF7F FF7F8100 15001F00     .O...:........
001130: 5F29FF4E 6360004C 087DB515 50155A6B     _).Nc`.L.}..P.Zk
001140: FF4FDF03 9E3AFF7F 0000E27C 857D287E     .O...:....|.}(~
001150: AB7E0E7F 707FB37F D67FF97F 9D255C1D     .~.p....%\.
001160: 1C19FB10 BB0CFF7F 00001A00 FF030054     ..............T
001170: 5503A002 152A4043 5029FF7F 407F524A     U....*@CP).@RJ
001180: AD351F2A 01001F53 00004A29 EF3DD65A     .5.*...S..J).=.Z
001190: 7B6F3F0D 1C001500 0C008B66 8551D729     {o?........f.Q.)
0011A0: 7C3AFE46 BE67FF7B 00009C03 1C230060     |:.F.g.{.....#.`
0011B0: 4765706A 1F00350C 9452C516 08227001     Gepj..5..R..."p.
0011C0: EA000000 FE46FF7F 00001200 1A001F2A     .....F........*
0011D0: AD35524A 1F53407F 006CB51D 5001A002     .5RJ.S@.l..P...
0011E0: 40430100 FF03FF7F 00004208 87784771     @C.......B..xGq
0011F0: 096A8C62 BC20DA1C D71CD51C 5C4B3D47     .j.b. ......\K=G
001200: 1D47B619 5001FF7F 00009C63 8C620862     .G..P.....c.b.b
001210: BF209C21 7F22DF22 5C4B0821 42088C21     . .!"."\K.!B..!
001220: 50019C63 9C639C63 00800100 2F008002     P..c.c.c..../...
001230: E0326890 A8900080 0F04950F 00800360     .2h............`
001240: 32008004 602AC890 E8900080 0A04950A     2...`*..........
001250: 008005F0 3700800E 0040E891 089208AA     ....7....@......
001260: 0A0CBF0A 008008F0 37008009 C01A0891     ........7.......
001270: 289110D4 0A14E90A 008006E0 35008007     (...........5...
001280: E036A891 C8910080 0D04950D 00800C40     .6.............@
001290: 0D000000 00004891 00000080 0B000000     ......H.........
0012A0: 809A0CE0 30000000 00006891 00000487     ....0.....h.....
0012B0: 0B000000 0C950B10 2E000000 00008891     ................
0012C0: 0000088E 0B000000 00DE0100 01000000     ................
0012D0: 00008890 000008AA 0F000000 4048DA5A     ............@H.Z
0012E0: 08C210E2 20A09100 88D0FDAD 1842851D     .... ........B..
0012F0: AD1A4285 1F287AFA 68404078 18FBC230     ..B..(z.h@@x...0
001300: A2FF1F9A E2302048 98E230A9 398D0721     .....0 H..0.9..!
001310: A9798D08 21A9788D 0921A902 8D0521A9     .y..!.x..!....!.
001320: 038D2C21 A9408D0B 21A9048D 0C214808     ..,!.@..!....!H.
001330: E220A980 8D002128 68C23020 1198C230     . ....!(h.0 ...0
001340: A9688C85 12E220A9 008514C2 20A90004     .h.... ..... ...
001350: 8515A900 408D1621 20B58A20 1198A264     ....@..! .. ...d
001360: 00209693 A2780020 9693A28C 00209693     . ...x. ..... ..
001370: A2A00020 9693A200 00201494 A2280020     ... ..... ...(. 
001380: 1494A214 00201494 A2500020 1494A23C     ..... ...P. ...<
001390: 00201494 80C508C2 30E220A9 008D0D21     . ......0. ....!
0013A0: 8D0D218D 0F218D0F 21C220BD 28928512     ..!..!..!. .(...
0013B0: BD299285 13BD2B92 8515A910 008D1621     .)....+........!
0013C0: DA20B58A FABD3292 8504DAA2 4000A000     . ....2.....@...
0013D0: 0020008A FABD3692 8506A900 00850885     . ....6.........
0013E0: 0AA90100 850EA900 388510DA E220BD38     ........8.... .8
0013F0: 9248ABC2 2020258A E220A900 48ABC220     .H..  %.. ..H.. 
001400: FAC23020 F98A202F 8BA90100 207E8B20     ..0 .. /.... ~. 
001410: E08A2860 20CF94A9 0100207E 8B6098C9     ..(` ..... ~.`..
001420: 20009005 1869E003 A8852465 2AEAEA8D      ....i....$e*...
001430: 1621E220 A9818D15 21C220A5 2EEAEA29     .!. ....!. ....)
001440: F8FF4A4A 8519A002 00B73485 1B20488B     ..JJ......4.. H.
001450: 8522A535 EAEA8513 A9040018 6534EAEA     .".5........e4..
001460: 65228512 A00200B7 34AAA000 00B71218     e"......4.......
001470: 650E8D18 21C8C8CA D0F3A524 652CEAEA     e...!......$e,..
001480: 8D1621E2 20A9818D 1521C220 A52EEAEA     ..!. ....!. ....
001490: 29F8FF4A 4A8519A0 0200B737 851B2048     )..JJ......7.. H
0014A0: 8B8522A5 38EAEA85 13A90400 186537EA     ..".8........e7.
0014B0: EA652285 12A00200 B737AAA0 0000B712     .e"......7......
0014C0: 18650E69 00048D18 21C8C8CA D0F06008     .e.i....!.....`.
0014D0: E220A900 8D0D218D 0D218D0F 218D0F21     . ....!..!..!..!
0014E0: C2204808 E220A980 8D002128 68BD2892     . H.. ....!(h.(.
0014F0: 8512BD29 928513BD 2B928515 A910008D     ...)....+.......
001500: 1621DA20 B58AFABD 2D928512 BD2E9285     .!. ....-.......
001510: 13BD3092 8515A910 408D1621 DA20B58A     ..0.....@..!. ..
001520: FABD3292 8504DAA2 1000A000 0020008A     ..2.......... ..
001530: FABD3492 8504DAA2 1000A010 0020008A     ..4.......... ..
001540: FABD3692 8534EAEA E220BD38 928536EA     ..6..4... .8..6.
001550: EAC220A9 0038852A A9010085 0EA90000     .. ..8.*........
001560: 852EEAEA 8532EAEA 8530EAEA BD399285     .....2...0...9..
001570: 37EAEAE2 20BD3B92 8539EAEA C220A900     7... .;..9... ..
001580: 78852CA9 0100850E A9000085 2EEAEA85     x.,.............
001590: 32EAEA85 30EAEA20 3D9620F9 8A20A595     2...0.. =. .. ..
0015A0: 20E08A28 6008C220 208D8BA5 1D090000      ..(`..  .......
0015B0: F0F68900 10F011A5 32EAEAC9 FF01B0E8     ........2.......
0015C0: A9010020 759680E0 890020F0 0EA532EA     ... u..... ...2.
0015D0: EAF0D5A9 FFFF2075 9680CD89 8000F0C8     ...... u........
0015E0: 2860A901 00207E8B A2000220 8D8B4808     (`... ~.... ..H.
0015F0: E220AD10 422980D0 F9AD1042 2980F0F9     . ..B).....B)...
001600: AD104228 68C220A9 0100DA20 7596FACA     ..B(h. .... u...
001610: D0D9A200 02208D8B 4808E220 AD104229     ..... ..H.. ..B)
001620: 80D0F9AD 10422980 F0F9AD10 422868C2     .....B).....B(h.
001630: 20A9FFFF DA207596 FACAD0D9 60DAA900      .... u.....`...
001640: 004848A2 2000DAA3 05852EEA EAA303A8     .HH. ...........
001650: 201E94A9 08001863 058305A3 031A8303      ......c........
001660: FACAD0E2 68FAFA60 08C23048 A900003A     ....h..`..0H...:
001670: D0FD6828 6008C230 09000010 25A532C6     ..h(`..0....%.2.
001680: 32290700 D016A532 183A852E A53029F8     2).....2.:...0).
001690: 014A4A4A 3A293F00 A8201E94 C630A530     .JJJ:)?.. ...0.0
0016A0: 802BA532 E6322907 00D01BA5 321869FF     .+.2.2).....2.i.
0016B0: 00852EA5 3029F801 4A4A4A18 69200029     ....0)..JJJ.i .)
0016C0: 3F00A820 1E94E630 A53029FF 03E2208D     ?.. ...0.0)... .
0016D0: 0D21EB8D 0D21EB8D 0F21EB8D 0F21C220     .!...!...!...!. 
0016E0: 2860A500 8D2221A5 018D2221 E600D002     (`..."!..."!....
0016F0: C6016008 E230A98F 8D0021A9 018D0121     ..`..0....!....!
001700: A9008D02 218D0321 A9028D05 21A9008D     ....!..!....!...
001710: 0621A901 8D0721A9 118D0821 A97A8D09     .!....!....!.z..
001720: 21A9798D 0A21A900 8D0B21A9 778D0C21     !.y..!....!.w..!
001730: A9008D0D 218D0D21 8D0E218D 0E218D0F     ....!..!..!..!..
001740: 218D0F21 8D10218D 10218D11 218D1121     !..!..!..!..!..!
001750: 8D12218D 12218D13 218D1321 8D14218D     ..!..!..!..!..!.
001760: 1421A980 8D1521A9 008D1621 8D17218D     .!....!....!..!.
001770: 1A218D1B 21A9018D 1B21A900 8D1C218D     .!..!....!....!.
001780: 1C218D1D 218D1D21 8D1E21A9 018D1E21     .!..!..!..!....!
001790: A9008D1F 218D1F21 8D20218D 20218D21     ....!..!. !. !.!
0017A0: 218D2321 8D24218D 25218D26 218D2721     !.#!.$!.%!.&!.'!
0017B0: 8D28218D 29218D2A 218D2B21 A9018D2C     .(!.)!.*!.+!...,
0017C0: 21A9008D 2D21A900 8D2E218D 2F21A930     !...-!....!./!.0
0017D0: 8D3021A9 008D3121 A9E08D32 21A9008D     .0!...1!...2!...
0017E0: 3321A900 8D0042A9 FF8D0142 A9008D02     3!....B....B....
0017F0: 428D0342 8D04428D 05428D06 428D0742     B..B..B..B..B..B
001800: 8D08428D 09428D0A 428D0B42 8D0C4228     ..B..B..B..B..B(
001810: 6008E230 4808E220 A9808D00 212868C2     `..0H.. ....!(h.
001820: 30E220A9 808D1521 C220A200 80A90000     0. ....!. ......
001830: 8D16218D 1821CAD0 FAE23048 08E220A9     ..!..!....0H.. .
001840: 0F8D0021 28682860 E230A900 8D0042A9     ...!(h(`.0....B.
001850: 808D0021 20F39620 1198A90F 8D002160     ...! .. ......!`
001860: 00000000 00000000 00000000 00000000     ................
001870: 00000000 00000000 00000000 00000000     ................
001880: 00000000 00000000 00000000 00000009     ................
001890: 00000000 00000000 00820000 00000000     ................
0018A0: 00000000 00000000 00000000 00000000     ................
0018B0: 00000000 00000000 00000000 00000000     ................
0018C0: 00000000 00000000 00000000 00000000     ................
0018D0: 00000000 00000000 00000000 00000000     ................
0018E0: 00000000 00000000 00000000 00000000     ................
0018F0: 00000000 00000000 00000000 00000000     ................
001900: 00000000 00000000 00000000 00000000     ................
001910: 00000000 00000000 00000000 00000000     ................
001920: 00000000 00000000 00000000 00000000     ................
001930: 00000000 00000000 00000000 00000000     ................
001940: 00000000 00000000 00000000 00000000     ................
001950: 00000000 00000000 00000000 00000000     ................
001960: 00000000 00000000 00000000 00000000     ................
001970: 00000000 00000000 00000000 00000000     ................
001980: 00000000 00000000 00000000 00000080     ................
001990: 00000000 00000000 00F20000 00000000     ................
0019A0: 00000000 00000000 00000000 00000000     ................
0019B0: 00000000 00000000 00000000 00000000     ................
0019C0: 00000000 00000000 00000000 00000000     ................
0019D0: 00000000 00000000 00000000 00000000     ................
0019E0: 00000000 00000000 00000000 00000000     ................
0019F0: 00000000 00000000 00000000 00000000     ................
001A00: 00000000 00000000 00000000 00000000     ................
001A10: 00000000 00000000 00000000 00000000     ................
001A20: 00000000 00000000 00000000 00000000     ................
001A30: 00000000 00000000 00000000 00000000     ................
001A40: 00000000 00000000 00000000 00000000     ................
001A50: 00000000 00000000 00000000 00000000     ................
001A60: 00000000 00000000 00000000 00000000     ................
001A70: 00000000 20000000 00002000 00020000     .... ..... .....
001A80: 80000000 00000000 00000000 00000000     ................
001A90: 00000000 00000000 00000000 00004000     ..............@.
001AA0: 00000000 00000000 00000000 00000000     ................
001AB0: 00000000 00000000 00000000 00000000     ................
001AC0: 00000000 00000000 00000000 00000000     ................
001AD0: 00000000 00000000 00000000 00000000     ................
001AE0: 00000000 00000000 00000000 00000000     ................
001AF0: 00000000 00000000 00000000 00000000     ................
001B00: 00000000 00000000 00000000 00000000     ................
001B10: 00000000 00000000 00000000 00000000     ................
001B20: 00000000 00000000 00000000 00000000     ................
001B30: 00000000 00000000 00000000 00000000     ................
001B40: 00000000 00000000 00000000 00000000     ................
001B50: 00000000 00000000 00000000 00000000     ................
001B60: 00000000 00000000 00000000 00000000     ................
001B70: 00000000 00000000 00000000 00000000     ................
001B80: 00000000 00000000 00000000 00000000     ................
001B90: 00000000 00000000 00000000 00000000     ................
001BA0: 00000000 00000000 00000000 00000000     ................
001BB0: 00000000 00000000 00000000 00000000     ................
001BC0: 00000000 00000000 00000000 00000000     ................
001BD0: 00000000 00000000 00000000 00000000     ................
001BE0: 00000000 00000000 00000000 00000000     ................
001BF0: 00000000 00000000 00000000 00000000     ................
001C00: 00000000 00000000 00000000 00000000     ................
001C10: 00000000 00000000 00000000 00000000     ................
001C20: 00000000 00000000 00000000 00000000     ................
001C30: 00000000 00000000 00000000 00000000     ................
001C40: 00000000 00000000 00000000 00000000     ................
001C50: 00000000 00000000 00000000 00000000     ................
001C60: 00000000 00000000 00000000 00000000     ................
001C70: 00000000 00000000 00000000 00000000     ................
001C80: 00000000 00000000 00000000 00000000     ................
001C90: 00000000 00000000 00000000 00000000     ................
001CA0: 00000000 00000000 00000000 00000000     ................
001CB0: 00000000 00000000 00000000 00000000     ................
001CC0: 00000000 00000000 00000000 00000000     ................
001CD0: 00000000 00000000 00000000 00000000     ................
001CE0: 00000000 00000000 00000000 00000000     ................
001CF0: 00000000 00000000 00000000 00000000     ................
001D00: 00000000 00000000 00000000 00000000     ................
001D10: 00000000 00000000 00000000 00000000     ................
001D20: 00000000 00000000 00000000 00000000     ................
001D30: 00000000 00000000 00000000 00000000     ................
001D40: 00000000 00000000 00000000 00000000     ................
001D50: 00000000 00000000 00000000 00000000     ................
001D60: 00000000 00000000 00000000 00000000     ................
001D70: 00000000 00000000 00000000 00000000     ................
001D80: 00000000 00000000 00000000 00000000     ................
001D90: 00000000 00000000 00000000 00000000     ................
001DA0: 00000000 00000000 00000000 00000000     ................
001DB0: 00000000 00000000 00000000 00000000     ................
001DC0: 00000000 00000000 00000000 00000000     ................
001DD0: 00000000 00000000 00000000 00000000     ................
001DE0: 00000000 00000000 00000000 00000000     ................
001DF0: 00000000 00000000 00000000 00000000     ................
001E00: 00000000 00000000 00000000 00000000     ................
001E10: 00000000 00000000 00000000 00000000     ................
001E20: 00000000 00000000 00000000 00000000     ................
001E30: 00000000 00000000 00000000 00000000     ................
001E40: 00000000 00000000 00000000 00000000     ................
001E50: 00000000 00000000 00000000 00000000     ................
001E60: 00000000 00000000 00000000 00000000     ................
001E70: 00000000 00000000 00000000 00000000     ................
001E80: 00000000 00000000 00000000 00000000     ................
001E90: 00000000 00000000 00000000 00000000     ................
001EA0: 00000000 00000000 00000000 00000000     ................
001EB0: 00000000 00000000 00000000 00000000     ................
001EC0: 00000000 00000000 00000000 00000000     ................
001ED0: 00000000 00000000 00000000 00000000     ................
001EE0: 00000000 00000000 00000000 00000000     ................
001EF0: 00000000 00000000 00000000 00000000     ................
001F00: 00000000 00000000 00000000 00000000     ................
001F10: 00000000 00000000 00000000 00000000     ................
001F20: 00000000 00000000 00000000 00000000     ................
001F30: 00000000 00000000 00000000 00000000     ................
001F40: 00000000 00000000 00000000 00000000     ................
001F50: 00000000 00000000 00000000 00000000     ................
001F60: 00000000 00000000 00000000 00000000     ................
001F70: 00000000 00000000 00000000 00000000     ................
001F80: 00000000 00000000 00000000 00000000     ................
001F90: 00000000 00000000 00000000 00000000     ................
001FA0: 00000000 00000000 00000000 00000000     ................
001FB0: 00000000 00000000 00000000 00000000     ................
001FC0: 00000000 00000000 00000000 00000000     ................
001FD0: 00000000 00000000 00000000 00000000     ................
001FE0: 00000000 00000000 00000000 00000000     ................
001FF0: 00000000 00000000 00000000 00000000     ................
002000: FFFFFFFF FFFFFFFF FFFFFFFF FFFFFFFF     ................
002010: FFFFFFFF FFFEFFFF FFFFFFFF FFFFFFFF     ................
002020: FFFFFFFF FFFFFFFF FFFFFFFF FFFFFFFF     ................
002030: DFFFFFF7 FFFFFFFF FFFFFFFF FFFFFFFF     ................
002040: FFFFFFFF FFFFFFFF FFFFFFFF FFFFFFFF     ................
002050: FFFFFFFF FFFFFFFF FFFFFFFF FFFFFFFF     ................
002060: FFFFFFFF FFFFFFFF FFFFFFFB FFFFFFFF     ................
002070: FFF7FFF9 FFFFFFFF FFFFFFFF FFFFFFFF     ................
002080: FBFFFBFF FFFFFFFF FFFFFFFF FFFFFFFB     ................
002090: FFFFFFFF FFFFFFFF FFFFFFFF FFFBFFFF     ................
0020A0: FFFFFFFF FFFFFFFF FFFFFFFF FFFFFFFF     ................
0020B0: FFFFFFFF FFFFFFFF FFFFFFFF FFFFFFFF     ................
0020C0: FFFFFFFF FFFFFBFF FFFFFFFF FFFFFFFF     ................
0020D0: FFFFFFFF FFFFFFFF FFFFFFFF FFFFFFFF     ................
0020E0: FFFFFFFD FFFFFFFF FDFFFFFF FFFFFFFF     ................
0020F0: FFFFFFFF FFFFFFFF FFFFFFFF FFFFFFFF     ................
002100: FFFFFFFF FFFFFFFF FFFFFFFF FFFFFFFF     ................
002110: FFFFFFFF FFFFFFFF FFFFFFFF FFFFFFFF     ................
002120: FFFFFFFF FFFFFFFF FFFFFFFF FFFFFFFF     ................
002130: FFFFFFFF FFFFFFFF FFFFFFFF FFFFFFFF     ................
002140: FFFFFFFF FFFFFFFF FFFFFFFF FFFFFFFF     ................
002150: FFFFFFFF FFFFFFFF FFFFFFFF FFFFFFFF     ................
002160: FFFFFFFF FFFFFFFF FFFFFFFF FFFFFFFF     ................
002170: FFFFFFFF FFFFFFFF FFFFFFFF FFFFFFFF     ................
002180: FFFFFFFF FFFFFFFF FFFFFFFF FFFFFFFF     ................
002190: FFFFFFFF FFFFFFFF FFFFFFFF FFFFFFFF     ................
0021A0: FFFFFFFF FFFFFFFF FFFFFFFF FFFFFFFF     ................
0021B0: FFFFFFFF FFFFFFFF FFFFFFFF FFFFFFFF     ................
0021C0: FFFFFFFF FFFFFFFF FFFFFFFF FFFFFFFF     ................
0021D0: FFFFFFFF FFFFFFFF FFFFFFFF FFFFFFFF     ................
0021E0: FFFFFFFF FFFFFFFF FFFFFFFF FFFFFFFF     ................
0021F0: FFFFFFFF FFFFFFFF FFFFFFFF FFFFFFFF     ................
002200: FFFFFFFF FFFFFFFF FFFFFFFF FFFFFFFF     ................
002210: FFFFFFFF FFFFFFFF FFFFFFFF FFFFFFFF     ................
002220: FFFFFFFF FFFFFFFF FFFFFFFF FFFFFFFF     ................
002230: FFFFFFFF FFFFFFFF FFFFFFFF FFFFFFFF     ................
002240: FFFFFFFF FFFFFFFF FFFFFFFF FFFFFFFF     ................
002250: FFFFFFFF FFFFFFFF FFFFFFFF FFFFFFFF     ................
002260: FFFFFFFF FFFFFFFF FFFFFFFF FFFFFFFF     ................
002270: FFFFFFFF FFFFFFFF FFFFFFFF FFFFFFFF     ................
002280: FFFFFFFF FFFFFFFF FFFFFFFF FFFFFFFF     ................
002290: FFFFFFFF FFFFFFFF FFFFFFFF FFFFFFFF     ................
0022A0: FFFFFFFF FFFFFFFF FFFFFFFF FFFFFFFF     ................
0022B0: FFFFFFFF FFFFFFFF FFFFFFFF FFFFFFFF     ................
0022C0: FFFFFFFF FFFFFFFF FFFFFFFF FFFFFFFF     ................
0022D0: FFFFFFFF FFFFFFFF FFFFFFFF FFFFFFFF     ................
0022E0: FFFFFFFF FFFFFFFF FFFFFFFF FFFFFFFF     ................
0022F0: FFFFFFFF FFFFFFFF FFFFFFFF FFFFFFFF     ................
002300: FFFFFFFF FFFFFFFF FFFFFFFF FFFFFFFF     ................
002310: FFFFFFFF FFFFFFFF FFFFFFFF FFFFFFFF     ................
002320: FFFFFFFF FFFFFFFF FFFFFFFF FFFFFFFF     ................
002330: FFFFFFFF FFFFFFFF FFFFFFFF FFFFFFFF     ................
002340: FFFFFFFF FFFFFFFF FFFFFFFF FFEFFFFF     ................
002350: FFFFFFFF FFFFFFFF FFFFFFFF FFFFFFFF     ................
002360: FFFFFFFF FFFFFFFF FFFFFFFF FFFFFFFF     ................
002370: FFFFFFFF FFFFFFFF FFFFFFFF FFFFFFFF     ................
002380: FFFFFFFF FFFFFFFF FFFFFFFF FFFFFFFF     ................
002390: FFFFFFFF FFFFFFFF FFFFFFFF FFFFFFFF     ................
0023A0: FFFFFFFF FFBFFFFF FFFFFFFF FFFFFFFF     ................
0023B0: FFFFFFFF FFFFFFFF FFFFFFFF FFFFFFFF     ................
0023C0: FFFFFFFF FFFFFFFF FFFFFFFF FFFFFFFF     ................
0023D0: FFFFFFFF FFFFFFFF FFFFFFFF FFFFFFFF     ................
0023E0: FFFFFFFF FFFFFFFF FFFFFFFF FFFFFFFF     ................
0023F0: FFFFFFFF FFFFFFFF FFFFFFFF FFFFFFFF     ................
002400: FFFFFFFF FFFFFFFF FFFFFFFF FFFFFFFF     ................
002410: FFFFFFFF FFFFFFFF FFFFFFFF FFFFFFFF     ................
002420: FFFFFFFF FFFFFFFF FFFFFFFF FFEFFFFF     ................
002430: FFFFFFFF FFFFFFFF FFFFFFFF FFFFFFFF     ................
002440: FFFFFFFF FFFFFFFF FFFFFFFF FFFFFFFF     ................
002450: FFFFFFFF FFFFFFFF FFFFFFFF FFFFFFFF     ................
002460: FFFFFFFF FFFFFFFF FFFFFFFF FFFFFFFF     ................
002470: 7FFFFFFF FFFFFFFF FFFFFFFF FFFFFFFF     ...............
002480: FFFFFFFF FFFFFFFF FFFFFFFF FFFFFFFF     ................
002490: FFFFFFFF FFFFFFFF FFFFFFFF FFFFFFFF     ................
0024A0: FFFFBFFD FFFFFFEF FFFFFFFF FFFFFFFF     ................
0024B0: FFFFFFFF FFFFFFFF FFFFFFFF FFFFFFFF     ................
0024C0: FFFFFFFF FFFFFFFF FFFFFFFF FFFFFFFF     ................
0024D0: FFFFFFFF FFFFFFDF FFFFFFFF FFFFFFFF     ................
0024E0: FFFFFDFF FFFFFFFF FFFFFFFF FFFFFFFF     ................
0024F0: FFDFFFFF FFFFFFFF FFFFFFFF FFFFFFFF     ................
002500: FFFFFFFF FFFFFFFF FFFFFFFF FFFFFFFF     ................
002510: FFFFFFFF FFFFFFFF FFFFFFFF FFFFFFFF     ................
002520: FFFFFFFF FFFFFFFF FFFFFFFF FFFFFFFF     ................
002530: FFFFFFFF FFFFFFFF FFFFFFFF FFFFFFFF     ................
002540: FFFFFFFF FFFFFFFF FFFFFFFF FFFFFFFF     ................
002550: FFFFFFFF FFFFFFFF FFFFFFFF FFFFFFFF     ................
002560: FFFFFFFF FFFFFFFF FFFFFFFF FFFFFFFF     ................
002570: FFFFFFFF FFFFFFFF FFFFFFFF FFFFFFFF     ................
002580: FFFFFFFF FFFFFFFF FFFFFFFF FFFFFFFF     ................
002590: FFFFFFFF FFFFFFFF FFFFFFFF FFFFFFFF     ................
0025A0: FFFFFFFF FFFFFFFF FFFFFFFF FFFFFFFF     ................
0025B0: FFFFFFFF FFFFFFFF FFFFFFFF FFFFFFFF     ................
0025C0: FFFFFFFF FFFFFFFF FFFFFFFF FFFFFFFF     ................
0025D0: FFFFFFFF FFFFFFFF FFFFFFFF FFFFFFFF     ................
0025E0: FFFFFFFF FFFFFFFF FFFFFFFF FFFFFFFF     ................
0025F0: FFFFFFFF FFFFFFFF FFFFFFFF FFFFFFFF     ................
002600: FFFFFFFF FFFFFFFF FFFFFFFF FFFFFFFF     ................
002610: FFFFFFFF FFFFFFFF FFFFFFFF FFFFFFFF     ................
002620: FFFFFFFF FFFFFFFF FFFFFFFF FFFFFFFF     ................
002630: FFFFFFFF FFFFFFFF FFFFFFFF FFFFFFFF     ................
002640: FFFFFFFF FFFFFFFF FFFFFFFF FFFFFFFF     ................
002650: FFFFFFFF FFFFFFFF FFFFFFFF FFFFFFFF     ................
002660: FFFFFFFF FFFFFFFF FFFFFFFF FFFFFFFF     ................
002670: FFFFFFFF FFFFFFFF FFFFFFFF FFFFFFFF     ................
002680: FFFFFFFF FFFFFFFF FFFFFFFF FFFFFFFF     ................
002690: FFFFFFFF FFFFFFFF FFFFFFFF FFFFFFFF     ................
0026A0: FFFFFFFF FFFFFFFF FFFFFFFF FFFFFFFF     ................
0026B0: FFFFFFFF FFFFFFFF FFFFFFFF FFFFFFFF     ................
0026C0: FFFFFFFF FFFFFFFF FFFFFFFF FFFFFFFF     ................
0026D0: FFFFFFFF FFFFFFFF FFFFFFFF FFFFFFFF     ................
0026E0: FFFFFFFF FFFFFFFF FFFFFFFF FFFFFFFF     ................
0026F0: FFFFFFFF FFFFFFFF FFFFFFFF FFFFFFFF     ................
002700: FFFFFFFF FFFFFFFF FFFFFFFF FFFFFFFF     ................
002710: FBFFFFFF FFFFFFFF FFFFFFFF FFFFFFFF     ................
002720: FFFFFFFF FFFFFFFF FFFFFFFF FFFFFFFF     ................
002730: FFFFFFFF FFFFFFFF FFFFFFFF FFFFFFFF     ................
002740: FFFFFFFF FFFFFFFF FFFFFFFF FFFFFFFF     ................
002750: FFFFFFFF FFFFFFFF FFFFFFFF FFFFFFFF     ................
002760: FFFFFFFF FFFFFFFF FFFFFFFF FFFFFFFF     ................
002770: FFFFFFFF FFFFFFFF FFFFFFFF FFFFFFFF     ................
002780: FFFFFFFF FFFFFFFF FFFFFFFF FFFFFFFF     ................
002790: FFFFFFFF FFFFFFFF FFFFFFFF FFFFFFFF     ................
0027A0: FFFFFFFF FFFFFFFF FFFFFFFF FFFFFFFF     ................
0027B0: FFFFFFFF FFFFFFFF FFFFFFFF FFFFFFEF     ................
0027C0: FFFFFFFF FFFFFFFF FFFFFFFF FFFFFFFF     ................
0027D0: FFFFFFFF FFFFFFFF FFFFFFFF FFFFFFFF     ................
0027E0: FFFFFFFF FFFFFFFF FFFFFFFF FFFFFFFF     ................
0027F0: FFFFFFFF FFFFFFFF FFFFFFFF FFFFFFFF     ................
002800: FFFFFFFF FFFFFFFF FFFFFFFF FFFFFFFF     ................
002810: FFFFFFFF FFFFFFFF FFFFFFFF FFFFFFFF     ................
002820: FFFFFFFF FFFFFFFF FFFFFFFF FFFFFFFF     ................
002830: FFFFFFFF FFFFFFFF FFFFFFFF FFFFFFFF     ................
002840: FFFFFFFF FFFFFFFF FFFFFFFF FFFFFFFF     ................
002850: FFFFFFFF FFFFFFFF FFFFFFFF FFFFFFFF     ................
002860: FFFFFFFF FFFFFFFF FFFFFFFF FFFFFFFF     ................
002870: FFFFFFFF FFFFFFFF FFFFFFFF FFFFFFFF     ................
002880: FFFFFFFF FFFFFFFF FFFFFFFF FFFFFFFF     ................
002890: FFFFFFFF FFFFFFFF FFFFFFFF FFFFFFFF     ................
0028A0: FFFFFFFF FFFFFFFF FFFFFFFF FFFFFFFF     ................
0028B0: FFFFFFFF FFFFFFFF FFFFFFFF FFFFFFFF     ................
0028C0: FFFFFFFF FFFFFFFF FFFFFFFF FFFFFFFF     ................
0028D0: FFFFFFFF FFFFFFFF FFFFFFFF FFFFFFFF     ................
0028E0: FFFFFFFF FFFFFFFF FFFFFFFF FFFFFFFF     ................
0028F0: FFFFFFFF FFFFFFFF FFFFFFFF F7FFFFFF     ................
002900: FFFFFFFF FFFFFFFF FFFFFFFF FFFFFFEF     ................
002910: FFFFFFFF FFFFFFFF FFFFFFFF FFFFFFFF     ................
002920: FFFFFFFF FFFFFFFF FFFFFFFF FFFFFFFF     ................
002930: FFFFFFFF FFFFFFFF FFFFFFFF FFFFFFFF     ................
002940: FFFFFFFF FFFFFFFF FFFFFFFF FFFFFFFF     ................
002950: FFFFFFFF FFFFFFFF FFFFFFFF FFFFFFFF     ................
002960: FFFFFFFF FFFFFFFF FFFFFFFF FFFFFFFF     ................
002970: FFFFFFFF FFFFFFFF FFFFFFFF FFFFFFFF     ................
002980: FFFFFFFF FFFFFFFF FFFFFFFF FFFFFFFF     ................
002990: FFFFFFFF FFFFFFFF FFFFFFFF FFFFFFFF     ................
0029A0: FFFFFFFF FFFFFFFF FFFFFFFF FFFFFFFF     ................
0029B0: FFFFFFFF FFFFFFFF FFFFFFFF FFFFFFFF     ................
0029C0: FFFFFFFF FFFFFFFF FFFFFFFF FFFFFFFF     ................
0029D0: FFFFFFFF FFFFFFFF FFFFFFFF FFFFFFFF     ................
0029E0: FFFFFFFF FFFFFFFF FFFFFFFF FFFFFFFF     ................
0029F0: FFFFFFFF FFFFFFFF FFFFFFFF FFFFFFFF     ................
002A00: FFFFFFFF FFFFFFFF FFFFFFFF FFFFFFFF     ................
002A10: FFFFFFFF FFFFFFFF FFFFFFFF FFFFFFFF     ................
002A20: FFFFFFFF FFFFFFFF FFFFFFFF FFFFFFFF     ................
002A30: FFFFFFFF FFFFFFFF FFFFFFFF FFFFFFFF     ................
002A40: FFFFFFFF FFFFFFFF FFFFFFFF FFFFFFFF     ................
002A50: FFFFFFFF FFFFFFFF FFFFFFFF FFFFFFFF     ................
002A60: FFFFFFFF FFFFFFFF FFFFFFFF FFFFFFFF     ................
002A70: FFFFFFFF FFFFFFFF FFFFFFFF FFFFFFFF     ................
002A80: FFFFFFFF FFFFFFFF FFFFFFFF FFFFFFFF     ................
002A90: FFFFFFFF FFFFFFFF FFFFFFFF FFFFFFFF     ................
002AA0: FFFFFFFF FFFFFFFF FFFFFFFF FFFFFFFF     ................
002AB0: FFFFFFFF FFFFFFFF FFFFFFFF FFFFFFFF     ................
002AC0: FFFFFFFF FFFFFFFF FFFFFFFF FFFFFFFF     ................
002AD0: FFFFFFFF FFFFFFFF FFFFFFFF FFFFFFFF     ................
002AE0: FFFFFFFF FFFFFFFF FFFFFFFF FFFFFFFF     ................
002AF0: FFFFFFFF FFFFFFFF FFFFFFFF FFFFFFFF     ................
002B00: FFFFDFFF F7FFFFFF FFFFFFFF FFFFFFFF     ................
002B10: FFFFFFFF FFFFFFFF FFFFFFFF FFFFFFFF     ................
002B20: FFFFFFFF FFFFFFFF FFFFFFFF FFFFFFFF     ................
002B30: FFFFFFFF FFFFFFFF FFFFFFFF FFFFFFFF     ................
002B40: FFFFFFFF FFFFFFFF FFFFFFFF FFFFFFFF     ................
002B50: FFFFFFFF FFFFFFFF FFFFFFFF FFFFFFFF     ................
002B60: FFFFFFFF FFFFFFFF FFFFFFFF FFFFFFFF     ................
002B70: FFFFFFFF FFFFFFFF FFFFFFFF FFFFFFFF     ................
002B80: FFFFFFFF FFFFBFFF FFFFFFFF FFFFFFFF     ................
002B90: FFFFFFFF FFFFFFFF FFFFFFFF FFFFFFFF     ................
002BA0: FFFFFFFF FFFFFFFF FFFFFFFF FFFFFFFF     ................
002BB0: FFFFFFFF FFFFFFFF FFFFBFFF FFFFFFFF     ................
002BC0: FFFFFFFF FFFFFFFF FFFFFFFF FFFFFFFF     ................
002BD0: BFFFFFFF FFFFFFFF FFFFFFFF FFFFFFFF     ................
002BE0: FFBFFFFF FFFFFFFF FFFFFFFF FFFFFFFF     ................
002BF0: FFFFFFFF FEFFFFFF FFFFFFFF FFFFFFFF     ................
002C00: FFFFFFFF FFFFFFFF FFFFFFFF FFFFFFFF     ................
002C10: FFFFFFFF FFFFFFFF FFFFFFFF FFFFFFFF     ................
002C20: FFFFFFFF FFFFFFFF FFFFFFFF FFFFFFFF     ................
002C30: FFFFFFFF FFFFFFFF FFFFFFFF FFFFFFFF     ................
002C40: FFFFFFFF FFFFFFFF FFFFFFFF FFFFFFFF     ................
002C50: FFFFFFFF FFFFFFFF FFFFFFFF FFFFFFFF     ................
002C60: FFFFFFFF FFFFFFFF FFFFFFFF FFFFFFFF     ................
002C70: FFFFFFFF FFFFFFFF FFFFFFFF FFFFFFFF     ................
002C80: FFFFFFFF FFFFFFFF FFFFFFFF FFFFFFFF     ................
002C90: FFFFFFFF FFFFFFFF FFFFFFFF FFFFFFFF     ................
002CA0: FFFFFFFF FFFFFFFF FFFFFFFF FFFFFFFF     ................
002CB0: FFFFFFFF FFFFFFFF FFFFFFFF FFFFFFFF     ................
002CC0: FFFFFFFF FFFFFFFF FFFFFFFF FFFFFFFF     ................
002CD0: FFFFFFFF FFFFFFFF FFFFFFFF FFFFFFFF     ................
002CE0: FFFFFFFF FFFFFFFF FFFFFFFF FFFFFFFF     ................
002CF0: FFFFFFFF FFFFFFFF FFFFFFFF FFFFFFFF     ................
002D00: FFFFFFFF FFFFFFFF FFFFFFFF FFFFFFFF     ................
002D10: FFFFFFFF FFFFFFFF FFFFFFFF FFFFFFFF     ................
002D20: FFFFFFFF FFFFFFFF FFFFFFFF FFFFFFFF     ................
002D30: FFFFFFFF FFFFFFFF FFFFFFFF FFFFFFFF     ................
002D40: FFFFFFFF FFFFFFFF FFFFFFFF FFFFFFFF     ................
002D50: FFFFFFFF FFFFFFFF FFFFFFFF FFFFFFFF     ................
002D60: FFFFFFFF FFFFFFFF FFFFFFFF FFFFFFFF     ................
002D70: FFFFFFFF FFFFFFFF FFFFFFFF FFFFFFFF     ................
002D80: FFFFFFFF FFFFFFFF FFFFFFFF FFFFFFFF     ................
002D90: FFFFFFFF FFFFFFFF FFFFFFFF FFFFFFFF     ................
002DA0: FFFFFFFF FFFFFFFF FFFFFFFF FFFFFFFF     ................
002DB0: FFFFFFFF FFFFFFFF FFFFFFFF FFFFFFFF     ................
002DC0: FFFFFFFF FFFFFFFF FFFFFFFF FFFFFFFF     ................
002DD0: FFFFFFFF FFFFFFFF FFFFFFFF FFFFFFFF     ................
002DE0: FFFFFFFF FFFFFFFF FFFFFFFF FFFFFFFF     ................
002DF0: FFFFFFFF FFFFFFFF FFFFFFFF FFFFFFFF     ................
002E00: FFFFFFFF FFFFFFFF FFFFFFFF FFFFFFFF     ................
002E10: FFFFFFFF FFFFFFFF FFFFFFFF FFFFFFFF     ................
002E20: FFFFFFFF FFFFFFFF FFFFFFFF FFFFFFFF     ................
002E30: FFFFFFFF FFFFFFFF FFFFFFFF FFFFFFFF     ................
002E40: FFFFFFFF FFFFFFFF FFFFFFFF FFFFFFFF     ................
002E50: FFFFFFFF FFFFFFFF FFFFFFFF FFFFFFFF     ................
002E60: FFFFFFFF FFFFFFFF FFFFFFFF FFFFFFFF     ................
002E70: FFFFFFFF FFFFFFFF FFFFFFFF FFFFFFFF     ................
002E80: FFFFFFFF FFFFFFFF FFFFFFFF FFFFFFFF     ................
002E90: FFFFFFFF FFFFFFFF FFFFFFFF FFFFFFFF     ................
002EA0: FFFFFFFF FFFFFFFF FFFFFFFF FFFFFFFF     ................
002EB0: FFFFFFFF FFFFFFFF FFFFFFFF FFFFFFFF     ................
002EC0: FFFFFFFF FFFFFFFF FFFFFFFF FFFFFFFF     ................
002ED0: FFFFFFFF FFFFFFFF FFFFFFFF FFFFFFFF     ................
002EE0: FFFFFFFF FFFFFFFF FFFFFFFF FFFFFFFF     ................
002EF0: FFFFFFFF FFFFFFFF FFFFFFFF FFFFFFFF     ................
002F00: FFFFFFFF FFFFFFFF FFFFFFFF FFFFFFFF     ................
002F10: FFFFFFFF FF7FFFFF FFFFFFFF FFFFFFFF     ...............
002F20: FFFFFFFF FFFFFFFF FFFFFFFF FFFFFFFF     ................
002F30: FFFFFFFF FFFFFFFF FFFFFFFF FFFFFFFF     ................
002F40: FFFFFFFF FFFFFFFF FFFFFFFF FFFFFFFF     ................
002F50: FFFFFFFF FFFFFFFF FFFFFFFF FFFFFFFF     ................
002F60: FFFFFFFF FFFFFFFF FFFFFFFF FFFFFFFF     ................
002F70: FFFFFFFF FFFFFFFF FFFFFFFF FFFFFFFF     ................
002F80: FFFFFFFF FFFFFFFF FFFFFFFF FFFFFFFF     ................
002F90: FFFFFFFE FFFFFFFF FFFFFFFF FFFFFFFD     ................
002FA0: FFFFFFFF FFFFFFFF FFFFFFFF FFFFFFFF     ................
002FB0: FFFFFFFF FFFFFFFF FFFFFFFF FFFFFFFF     ................
002FC0: FFFFFFFF FFFFFFFF FFFFFFFF FFFFBFFF     ................
002FD0: FFFFFFFF FFFFFFFF FFFFFFFF FFFFFFFF     ................
002FE0: FFFFFFFF FFFFFFFF FFFFFFFF FFFFFFFF     ................
002FF0: F7FFFFFF FFFFFFFF FFFFFFFF FFFFFFFF     ................
003000: FFFFFFFF FFFFFFFF FFFFFFFF FFFFFFFF     ................
003010: FFFFFF7F FFFFFFFF FFFFFFFF FFFFFFFF     ...............
003020: FF7FFFFF FFFFFFFF FFFFFFFF FFFFFFFF     ...............
003030: FFFFFFFB 7FFFFFFF FFFFFFFF FFFFFFFF     ...............
003040: FFFFFFFF FFFFFFFF FFFFFFFF FFFFFFFF     ................
003050: FFFFFFFF FFFFFFFF FFFFFBFF FFFFFFFF     ................
003060: FFFFFFFF FFDFFFFF FFFFFFFF FFEFFFFF     ................
003070: FFFFFFFF FFFFFBFF FFFFFFFF FFFFFFFF     ................
003080: FFFFFFFF FFFFFFFF FFFFFFFF FFFFFFFF     ................
003090: FFFFFFFF FFFFFFFF FFFFFFFF FFFFFFFF     ................
0030A0: FFFFFFFF FFFFFFFF FFFFFFFF FFFFFFFF     ................
0030B0: FFFFEFFF FFFDFFFF FFFFFFFF FFFFFFFF     ................
0030C0: FFFFFFFF FFFFFFFF FFFFFFFF FFFFFFFF     ................
0030D0: FFFFFFFF FFFFFFFF FFFFFFFF FFFFFFFF     ................
0030E0: FFFFFFFF FFFFFFFF FFFFFFFF FFFFFFFF     ................
0030F0: FFFFFFFF FFFFFFFF FFFFFFFF FFFFFFFF     ................
003100: FFFFFFFF FFFFFFFF FFFFFFFF FFFFFFFF     ................
003110: FFFFFFFF FFFFFFFF FFFFFFFF FFFFFFFF     ................
003120: FFFFFFFF FFFFFFFF FFFFFFFF FFFFFFFF     ................
003130: FFFFFFFF FFFFFFFF FFFFFFFF FFFFFFFF     ................
003140: FFFFFFFF FFFFFFFF FFFFFFFF FFFFFFFF     ................
003150: FFFFFFFF FFFFFFFF FFFFFFFF FFFFFFFF     ................
003160: FFFFFFFF FFFFFFFF FFFFFFFF FFFFFFFF     ................
003170: FFFFFFFF FFFFFFFF FFFFFFFF FFFFFFFF     ................
003180: FFFFFFFF FFFFFFFF FFFFFFFF FFFFFFFF     ................
003190: FFFFFFFF FFFFFFFF FFFFFFFF FFFFFFFF     ................
0031A0: FFFFFFFF FFFFFFFF FFFFFFFF FFFFFFFF     ................
0031B0: FFFFFFFF FFFFFFFF FFFFFFFF FFFFFFFF     ................
0031C0: FFFFFFFF FFFFFFFF FFFFFFFF FFFFFFFF     ................
0031D0: FFFFFFFF FFFFFFFF FFFFFFFF FFFFFFFF     ................
0031E0: FFFFFFFF FFFFFFFF FFFFFFFF FFFFFFFF     ................
0031F0: FFFFFFFF FFFFFFFF FFFFFFFF FFFFFFFF     ................
003200: FFFFFFFF FFFFFFFF FFFFFFFF FFFFFFFF     ................
003210: FFFFFFFF FFFFFFFF FFFFFFFF FFFFFFFF     ................
003220: FFFFFFFF FFFFFFEF FFFFFFFF FFFFFFFF     ................
003230: FFFFFFFF FFFFFFFF FFFFFFFF FFFFFFFF     ................
003240: FFFFFFFF FFFFFFFF FFFFFFFF FFFFFFFF     ................
003250: FFFFFFFF FFFFFFFF FFFFFFFF FFFFFFFF     ................
003260: FFFFFFFF FFFFFFFF FFFFFFFF FFFFFFFF     ................
003270: FFFFFFFF FFFFFFFF FFFFFFFF FFFFFFFF     ................
003280: FFFFFFFF FFFFFFFF FFFFFFFF FFFFFFFF     ................
003290: FFFFFFFF FFFFFFFF FFFFFFFF FFFFFFFF     ................
0032A0: FFFFFFFF FFFFFFFF FFFFFFFF FFFFFFFF     ................
0032B0: FFFFFFFF FFFFFFFF FFFFFFFF FFFFFFFF     ................
0032C0: FFFFFFFF FFFFFFFF FFFFFFFF FFFFFFFF     ................
0032D0: FFFFFFFF FFFFFFFF FFFFFFFF FFFFFFFF     ................
0032E0: FFFFFFFF FFFFFFFF FFFFFFFF FFFFFFFF     ................
0032F0: FFFFFFFF FFFFFFFF FFFFFFFF FFFFFFFF     ................
003300: FFFFFFFF FFFFFFFF FFFFFFFF FFFFFFFF     ................
003310: FFFFFFFF FFFFFFFF FFFFFFFF FFFFFFFF     ................
003320: FFFFFFFF FFFFFFFF FFFFFFFF FFFFFFFF     ................
003330: FFFFFFFF FFFFFFFF FFFFFFFF FFFFFFFF     ................
003340: FFFFFFFF FFFFFFFF FFFFFFFF FFFFFFFF     ................
003350: FFFFFFFF FFFFFFFF FFFFFFFF FFFFFFFF     ................
003360: FFFFFFFF FFFFFFFF FFFFFFFF FFFFFFFF     ................
003370: FFFFFFFF FFFFFFFF FFFFFFFF FFFFFFFF     ................
003380: FFFFFFFF FFFFFFFF FFFFFFFF FFFFFFFF     ................
003390: FFFFFFFF FFFFFFFF FFFFFFFF FFFFFFFF     ................
0033A0: FFFFFFFF FFFFFFFF FFFFFFFF FFFFFFFF     ................
0033B0: FFFFFFFF FFFFFFFF FFFFFFFF FFFFFFFF     ................
0033C0: FFFFFFFF FFFFFFFF FFFFFFFF FFFFFFFF     ................
0033D0: FFFFFFFF FFFFFFFF FFFFFFFF FFFFFFFF     ................
0033E0: FFFFFFFF FFFFFFFF FFFFFFFF FFFFFFFF     ................
0033F0: FFFFFFFF FFFFFFFF FFFFFFFF FFFFFFFF     ................
003400: FFFFFFFF FFFFFFFF FFFFFFFF FFFFFFFF     ................
003410: FFFFFFFF FFFFFFFF FFFFFFFF FDFFFFFF     ................
003420: FFFFFFFF FFFFFFFF FFFFFFFF FFFFFFFF     ................
003430: FFFFFBFF FFFFFFFF FFFFFFFF FFFFFFFF     ................
003440: FFFFFFFF FFFFFFFF FFFFFFFF FFFFFFFF     ................
003450: FFFFFFFF FFFDFFFF FFFFFFFF FFFFFFFF     ................
003460: FFFFFFFF FFFFFFFF FFFFFFFF FFFFFFFF     ................
003470: FFFFFFFF FFFFFFFF FFFFFFFF FFFFFFFF     ................
003480: FFFFFF32 FFFFFFFF FFFFFFFF FFFFFFFF     ...2............
003490: DFFFBFFF FFFFFFFF FFFFFFFF FFFFFFFF     ................
0034A0: FFFFFFFF FFFFFFFF FFFFFFFF FFFFFFFF     ................
0034B0: FFFFFFFD FFFDFFFF FFFFFFFF FFFFFFFF     ................
0034C0: FFFFFFFF FFFFFFFF FFFFFFFF FFFFFFFF     ................
0034D0: FFFFFFFF FFFFFFFF FFFFFFFF FFFFFFFF     ................
0034E0: FFF7FFFF FFF7FFFF FFFFFFFF FFFFFFFF     ................
0034F0: FFFFFFFF FFFFFFFF FFFFFFFF FFFFFFFF     ................
003500: FFFFFFFF DFFFFFFF FFFFFFFF FFFFFFFF     ................
003510: FFFFFFFF FFFFFFFF FFFFFFFF FFFFFFFF     ................
003520: FFFFFFFF FFFFFFFF FFFFFFFF FFFFFFFF     ................
003530: FFFFFFFF FFFFFFFF FFFFFFFF FFFFFFFF     ................
003540: FFFFFFFF FFFFFFFF FFFFFFFF FFFFFFFF     ................
003550: FFFFFFFF FFFFFFFF FFFFFFFF FFFFFFFF     ................
003560: FFFFFFFF FFFFFFFF FFFFFFFF FFFFFFFF     ................
003570: FFFFFFFF FFFFFFFF FFFFFFFF FFFFFFFF     ................
003580: FFFFFFFF FFFFFFFF FFFFFFFF FFFFFFFF     ................
003590: FFFFFFFF FFFFFFFF FFFFFFFF FFFFFFFF     ................
0035A0: FFFFFFFF FFFFFFFF FFFFFFFF FFFFFFFF     ................
0035B0: FFFFFFFF FFFFFFFF FFFFFFFF FFFFFFFF     ................
0035C0: FFFFFFFF FFFFFFFF FFFFFFFF FFFFFFFF     ................
0035D0: FFFFFFFF FFFFFFFF FFFFFFFF FFFFFFFF     ................
0035E0: FFFFFFFF FFFFFFFF FFFFFFFF FFFFFFFF     ................
0035F0: FFFFFFFF FFFFFFFF FFFFFFFF FFFFFFFF     ................
003600: FFFFFFFF FFFFFFFF FFFFFFFF FFFFFFFF     ................
003610: FFFFFFFF FFFFFFFF FFFFFFFF FFFFFFFF     ................
003620: FFFFFFFF FFFFFFFF FFFFFFFF FFFFFFFF     ................
003630: FFFFFFFF FFFFFFFF FFFFFFFF FFFFFFFF     ................
003640: FFFFFFFF FFFFFFFF FFFFFFFF FFFFFFFF     ................
003650: FFFFFFFF FFFFFFFF FFFFFFFF FFFFFFFF     ................
003660: FFFFFFFF FFFFFFFF FFFFFFFF FFFFFFFF     ................
003670: FFFFFFFF FFFFFFFF FFFFFFFF FFFFFFFF     ................
003680: FFFFFFFF FFFFFFFF FFFFFFFF FFFFFFFF     ................
003690: FFFFFFFF FFFFFFFF FFFFFFFF FFFFFFFF     ................
0036A0: FFFFFFFF FFFFFFFF FFFFFFFF FFFFFFFF     ................
0036B0: FFFFFFFF FFFFFFFF FFFFFFFF FFFFFFFF     ................
0036C0: FFFFFFFF FFFFFFFF FFFFFFFF FFFFFFFF     ................
0036D0: FFFFFFFF FFFFFFFF FFFFFFFF FFFFFFFF     ................
0036E0: FFFFFFFF FFFFFFFF FFFFFFFF FFFFFFFF     ................
0036F0: FFFFFFFF FFFFFFFF FFFFFFFF FFFFFFFF     ................
003700: FFFFFFFF FFFFFFFF FFFFFFFF FFFFFFFF     ................
003710: FFFFFFFF FFFFFFFF FFFFFFFF FFFFFFFF     ................
003720: FFFFFFFF FFFFFFFF FFFFFFFF FFFFFFFF     ................
003730: FFFFFFFF FFFFFFFF FFFFFFFF FFFFFFFF     ................
003740: FFFFFFFF FFFFFFFF FFFFFFFF FFFFFFFF     ................
003750: FFFFFFFF FFFFFFFF FFFFFFFF FFFFFFFF     ................
003760: FFFFFFFF FFFFFFFF FFFFFFFF FFFFFFFF     ................
003770: FFFFFFFF FFFFFFFF FFFFFFFF FFFFFFFF     ................
003780: FFFFFFFF FFFFFFFF FFFFFFFF FFFFFFFF     ................
003790: FFFFFFFF FFFFFFFF FFFFFFFF FFFFFFFF     ................
0037A0: FFFFFFFF FFFFFFFF FFFFFFFF FFFFFFFF     ................
0037B0: FFFFFFFF FFFFFFFF FFFFFFFF FFFFFFFF     ................
0037C0: FFFFFFFF FFFFFFFF FFFFFFFF FFFFFFFF     ................
0037D0: FFFFFFFF FFFFFFFF FFFFFFFF FFFFFFFF     ................
0037E0: FFFFFFFF FFFFFFFF FFFFFFFF FFFFFFFF     ................
0037F0: FFFFFFFF FFFFFFFF FFFFFFFF FFFFFFFF     ................
003800: FFFFFFFF FFFFFFFF FFFFFFFF FFFFFFFF     ................
003810: FFFFFFFF FFFFFFFF FFFFFFFF FFFFFFFF     ................
003820: FFFFFFFF FFFFFFFF FFFFFFFF FFFFFFFF     ................
003830: FFFFFFFF FFFFFFFF FFFFFFFF FFFFFFFF     ................
003840: FFFFFFFF FFFFFFFF FFFFFFFF FFFFFFFF     ................
003850: FFFFFFFF FFFFFFFF FFFFFFFF FFFFFFFF     ................
003860: FFFFFFFF FFFFFFFF FFFFFFFF FFFFFFFF     ................
003870: FFFFFFFF FFFFFFFF FFFFFFFF FFFFFFFF     ................
003880: FFFFFFFF FFFFFFFF FFFFFFFF FFFFFFFF     ................
003890: FFFFFFFF FFFFFFFF FFFFFFFF FFFFFFFF     ................
0038A0: FFFFFFFF FFFFFFFF FFFFFFFF FFFFFFFF     ................
0038B0: FFFFFFFF FFFFFFFF FFFFFFFF FFFFFFFF     ................
0038C0: FFFFFFFF FFFFFFFF FFFFFFFF FFFFFFFF     ................
0038D0: FFFF7FFF FFFFFFFF FFFFFFFF FFFFFFFF     ...............
0038E0: FFFFFFFF FFFFFFFF FFFFFFFF FFFFFFFF     ................
0038F0: FFFFFFFF FFFFFFFF FFFFFFFF FFFFFFFF     ................
003900: FFFFFFFF FFFFFFFF FFFFFFFF FFFFFFFF     ................
003910: FFFFFFFF FFFFFFFF FFFFFFFF FFFFFFFF     ................
003920: FFFFFFFF FFFFFFFF FFFFFFFF FFFFFFFF     ................
003930: FFFFFFFF FFFFFFFF FFFFFFFF FFFFFFFF     ................
003940: FFFFFFFF FFFFFFFF FFFFFFFF FFFFFFFF     ................
003950: FFFFFFFF FFFFFFFF FFFFFFFF FFFFFFFF     ................
003960: FFFFFFFF FFFFFFFF FFFFFFFF FFFFFFFF     ................
003970: FFFFFFFF FFFFFFFF FFFFFFFF FFFFFFFF     ................
003980: FFFFFFFF FFFFFFFF FFFFFFFF FFFFFFFF     ................
003990: FFFFFFFF FFFFFFFF FFFFFFFF FFFFFFFF     ................
0039A0: FFFFFFFF FFFFFFFF FFFFFFFF FFFFFFFF     ................
0039B0: FFFFFFFF FFFFFFFF FFFFFFFF FFFFFFFF     ................
0039C0: FFFFFFFF FFFFFFFF FFFFFFFF FFFFFFFF     ................
0039D0: FFFFFFFF FFFFFFFF FFFFFFDF FFFFFFFF     ................
0039E0: FFFFFFFF FFFFFFFF FFFFFFFF FFFFFFFF     ................
0039F0: FFFFFFFF FFFFFFFF FFFFFFFF FFFFFFFF     ................
003A00: FFFFFFFF FFFFFFFF FFFFFFFF FFFFFFFF     ................
003A10: FFFFFFFF FFFFFFFF FFFFFFFF FFFFFFFF     ................
003A20: FFFFFFFF FFFFFFFF FFFFFFFF FFFFFFFF     ................
003A30: FFFFFFFF FFFFFFFF FFFFFFFF FFFFFFFF     ................
003A40: FFFFFFFF FFFFFFFF FFFFFFFF FFFFFFFF     ................
003A50: FFFFFFFF FFFFFFFF FFFFFFFF FFFFFFFF     ................
003A60: FFFFFFFF FFFFFFFF FFFFFFFF FFFFFFFF     ................
003A70: FFFFFFFF FFFFFFFF FFFFFFFF FFFFFFFF     ................
003A80: FFFFFFFF FFFFFFFF FFFFFFFF FFFFFFFF     ................
003A90: FFFFFFFF FFFFFFFF FFFFFFFF FFFFFFFF     ................
003AA0: FFFFFFFF FFFFFFFF FFFFFFFF FFFFFFFF     ................
003AB0: FFFFFFFF FFFFFFFF FFFFFFFF FFFFFFFF     ................
003AC0: FFFFFFFF FFFFFFFF FFFFFFFF FFFFFFFF     ................
003AD0: FFFFFFFF FFFFFFFF FFFFFFFF FFFFFFFF     ................
003AE0: FFFFFFFF FFFFFFFF FFFFFFFF FFFFFFFF     ................
003AF0: FFFFFFFF FFFFFFFF FFFFFFFF FFFFFFFF     ................
003B00: FFFFFFFF FFFFFFFF FFFFFFFF FFFFFFFF     ................
003B10: FFFFFFFF FFFFFFFF FFFFFFFF FFFFFFFF     ................
003B20: FFFFFFFF FFFFFFFF FFFFFFFF FFFFFFFF     ................
003B30: FFFFFFFF FFFFFFFF FFFFFFFF FFFFFFFF     ................
003B40: FFFFFFFF FFFFFFFF FFFFFBFF FFFFFFFF     ................
003B50: FFFFFFFF BFFFFFFF FFFFFFFF FFFFFFFF     ................
003B60: FFFFFFFF FFFFFFFF FFFFFFFF FFFFFFFF     ................
003B70: FFFFFFFF FFFFFFFF FFFFFFFF FFFFFFDF     ................
003B80: FFFFFDFF FFFFFFFF FFFFFFFF FFFFFFFF     ................
003B90: FFFFFFFF FEFFFFFF FFFFFFFF FFFFFFFF     ................
003BA0: FFFFFFFF FFFFFFFF FFFFFFFF FFFFFFFF     ................
003BB0: FFFFFFFF FFFFFFFF FFFFFFFF FFFFFFFF     ................
003BC0: FFFFFFFF FFFFFFFF FFFFFFFF FFFFFFFF     ................
003BD0: FFFFFFFF FFFFFFFF FFFFFFFF FFFFFFFF     ................
003BE0: FFFFFFFF FFFFFFFF FFFFFFFF FFFFFFFF     ................
003BF0: FFFFFFFF FFFFFFFF FFFFFFFF FFFFFFFF     ................
003C00: FFFFFFFF FFFFFFFF FFFFFFFF FFFFFFFF     ................
003C10: FFFFFFFF FFFFFFFF FFFFFFFF FFFFFFFF     ................
003C20: FFFFFFFF FFFFFFFF FFFFFFFF FFFFFFFF     ................
003C30: FFFFFFFF FFFFFFFF FFFFFFFF FFFFFFFF     ................
003C40: FFFFFFFF FFFFFFFF FFFFFFFF FFFFFFFF     ................
003C50: FFFFFFFF FFFFFFFF FFFFFFFF FFFFFFFF     ................
003C60: FFFFFFFF FFFFFFFF FFFFFFFF FFFFFFFF     ................
003C70: FFFFFFEF FFFFFFFF FFFFFFFF FFFFFFFF     ................
003C80: FFFFFFFE FFFFFFFF FFFFFFFF FFFFFFFF     ................
003C90: FFFFFFFF FFFFFFFF FFFFFFFF FFFFFFFF     ................
003CA0: FFFFFFFF FFFFFFFF FFFFFFFF FFFFFFFF     ................
003CB0: FFFFFFFF FFFFFFFF FFFFFFFF FFFFFFFF     ................
003CC0: FFFFFFFF FFFFFFFF FFFFFFFF FFFFFFFF     ................
003CD0: FFFFFFFF FFFFFFFF FFFFFFFF FFFFFFFF     ................
003CE0: FFFFFFFF FFFFFFFF FFFFFFFF FFFFFFFF     ................
003CF0: FFFFFFFF FFFFFFFF FFFFFFFF FFFFFFFF     ................
003D00: FFFFFFFF FFFFFFFF FFFFFFFF FFFFFFFF     ................
003D10: FFFFFFFF FFFFFFFF FFFFFFFF FFFFFFFF     ................
003D20: FFFFFFFF FFFFFFFF FFFFFFFF FFFFFFFF     ................
003D30: FFFFFFFF FFFFFFFF FFFFFFFF FFFFFFFF     ................
003D40: FFFFFFFF FFFFFFFF FFFFFFFF FFFFFFFF     ................
003D50: FFFFFFFF FFFFFFFF FFFFFFFF FFFFFFFF     ................
003D60: FFFFFFFF FFFFFFFF FFFFFFFF FFFFFFFF     ................
003D70: FFFFFFFF FFFFFFFF FFFFFFFF FFFFFFFF     ................
003D80: FFFFFFBF FFFFFFFF FFFFFFFF FFFFFFFF     ................
003D90: FFFFFFFF FFFFFFFF FFFFFFFF FFFFFFFF     ................
003DA0: FFFFFFFF FFFFFFFF FFFFFFFF FFFFFFFF     ................
003DB0: FFFFFFFF FFFFFFFF FFFFFFFF FFFFFFFF     ................
003DC0: FFFFFFFF FFFFFFFF FFFFFFFF FFFFFFFF     ................
003DD0: FFFFFFFF FFFFFFFF FFFFFFFF FFFFFFFF     ................
003DE0: FFFFFFFF FFFFFFFF FFFFFFFF FFFFFFFF     ................
003DF0: FFFFFFFF FFFFFFFF FFFFFFFF FFFFFFFF     ................
003E00: FFFFFFFF FFFFFFFF FFFFFFFF FFFFFFFF     ................
003E10: FFFFFFFF FFFFFFFF FFFFFFFF FFFFFFFF     ................
003E20: FFFFFFFF FFFFFFFF FFFFFFFF FFFFFFFF     ................
003E30: FFFFFFFF FFFFFFFF FFFFFFFF FFFFFFFF     ................
003E40: FFFFFFFF FFFFFFFF FFFFFFFF FFFFFFFF     ................
003E50: FFFFFFFF FFFFFFFF FFFFFFFF FFFFFFFF     ................
003E60: FFFFFFFF FFFFFFFF FFFFFFFF FFFFFFFF     ................
003E70: FFFFFFFF FFFFFFFF FFFFFFFF FFFFFFFF     ................
003E80: FFFFFFFF FFFFFFFF FFFFFFFF FFFFFFFF     ................
003E90: FFFFFFFF FFFFFFFF FFFFFFFF FFFFFFFF     ................
003EA0: FFFFFFFF FFFFFFFF FFFFFFFF FFFFFFFF     ................
003EB0: FFFFFFFF FFFFFFFF FFFFFFFF FFFFFFFF     ................
003EC0: FFFFFFFF FFFFFFFF FFFFFFFF FFFFFFFF     ................
003ED0: FFFFFFFF FFFFFFFF FFFFFFFF FFFFFFFF     ................
003EE0: FFFFFFFF FFFFFFFF FFFFFFFF FFFFFFFF     ................
003EF0: FFFFFFFF FFFFFFFF FFFFFFFF FFFFFFFF     ................
003F00: FFFFFFFF FFFFFFFF FFFFFFFF FFFFFFFF     ................
003F10: FFFFBFFF FFFFFFFF FFFFFFFF FFFFFFFF     ................
003F20: FFFFFFFF FFFFFFFF FFFFFFFF FFFFFFFF     ................
003F30: FFFFFFFF FFFFFFFF FFFFFFFF FFFFFFFF     ................
003F40: FFFFFFFF FFFFFFFF FFFFFFFF FFFFFFFF     ................
003F50: FFFFFFFE FFFFFFFF FFFFFFFF FFFFFFFF     ................
003F60: FFFFFFFF FFFFFFFF FFFFFFFF FFFFFFFF     ................
003F70: FFFFFFFF FFFFFFFF FFFFFFFF FFFFFFFF     ................
003F80: FFFFFF00 FFFFFFFF FFFFFFFF FFFFFFFF     ................
003F90: FFFFFFFF FFFFFFFF FFFFFFFF FFFFFFFF     ................
003FA0: FFFFFFFF FFFFFFFF FFFFFDFF FFFFBFFF     ................
003FB0: FFFFFFFF FFFFFFFF FFFFFFFF FFFFFFFF     ................
003FC0: FFFFFFFF FFFFFFFF F7FFFFFF FFFFFFFF     ................
003FD0: FFFFFFFF FFFFFFFF FFFFFFFF FFFFFFFF     ................
003FE0: FFFFFFFF FFFFFFFF FFFFFFFF FFFFFFFF     ................
003FF0: FFFFFFFF FFFFFFDF FFFFFFFF FFFFFFFF     ................
004000: 00000000 00000000 00000000 00000000     ................
004010: 00000000 00000000 00000000 00000000     ................
004020: 00000000 00000000 00000000 00000000     ................
004030: 00000000 00000000 00000000 00000000     ................
004040: 00000000 00000000 00000000 00000000     ................
004050: 00000000 00000000 00000000 00000000     ................
004060: 00000000 00000000 00000000 00000000     ................
004070: 00000000 00000000 00000000 00000000     ................
004080: 00000000 00000000 00000000 00000000     ................
004090: 00000000 00000000 00000000 00000000     ................
0040A0: 00000000 00000000 00000000 00000000     ................
0040B0: 00000000 00000000 00000000 00000000     ................
0040C0: 00000000 00000000 00000000 00000000     ................
0040D0: 00000000 00000000 00000000 00000000     ................
0040E0: 00000000 00000000 00000000 00000000     ................
0040F0: 00000000 00000000 00000000 00000000     ................
004100: 00000000 00000000 00000000 00000000     ................
004110: 00000000 00000000 00000000 00000000     ................
004120: 00000000 00000000 00000000 00000000     ................
004130: 00000000 00000000 00000000 00000000     ................
004140: 00000000 00000000 00000000 00000000     ................
004150: 00000000 00000000 00000000 00000000     ................
004160: 00000000 00000000 00000000 00000000     ................
004170: 00000000 00000000 00000000 00000000     ................
004180: 00000000 00000000 00000000 00000000     ................
004190: 00000000 00000000 00000000 00000000     ................
0041A0: 00008000 00000000 00000000 00000000     ................
0041B0: 00000000 00000000 00000000 00000000     ................
0041C0: 00000000 00000000 00000000 00000000     ................
0041D0: 00000000 00000000 00000000 00000000     ................
0041E0: 00000000 00000000 00000000 00000000     ................
0041F0: 00000000 00000000 00000000 00000000     ................
004200: 00000000 00000000 00000000 00000000     ................
004210: 00000000 00000000 00000000 00000000     ................
004220: 00000000 00000000 00000000 00000000     ................
004230: 00000000 00000000 00000000 00000000     ................
004240: 00000000 00000000 00000000 00000000     ................
004250: 00000000 00000000 00000000 00000000     ................
004260: 00000000 00000000 00000000 00000000     ................
004270: 00000000 00000000 00000000 00000000     ................
004280: 00000000 00000000 00000000 00000000     ................
004290: 00000000 00000000 00000000 00000000     ................
0042A0: 00000000 00000000 00000000 00000000     ................
0042B0: 00000000 00000000 00000000 00000000     ................
0042C0: 00000000 00000000 00000000 00000000     ................
0042D0: 00000000 00000000 00000000 00000000     ................
0042E0: 00000000 00000000 00000000 00000000     ................
0042F0: 00000000 00000000 00000000 00000000     ................
004300: 00000000 00000000 00000000 00000000     ................
004310: 00000000 00000000 00000000 00000000     ................
004320: 00000000 00000000 00000000 00000000     ................
004330: 00000000 00000000 00000000 00000000     ................
004340: 00000000 00000000 00000000 00000000     ................
004350: 00000000 00000000 00000000 00000000     ................
004360: 00000000 00000000 00000000 00000000     ................
004370: 00000000 00000000 00000000 00000000     ................
004380: 00000000 00000000 00000000 00000000     ................
004390: 00000000 00000000 00000000 00000000     ................
0043A0: 00000000 00000000 00000000 00000000     ................
0043B0: 00000000 00000000 00000000 00000000     ................
0043C0: 00000000 00000000 00000000 00000000     ................
0043D0: 00000000 00000000 00000000 00000000     ................
0043E0: 00000000 00000000 00000000 00000000     ................
0043F0: 00000000 00000000 00000000 00000000     ................
004400: 00000000 00000000 00000000 00000000     ................
004410: 00000000 00000000 00000000 00000000     ................
004420: 00000000 00000000 00000000 00000000     ................
004430: 00000000 00000000 00000000 00000000     ................
004440: 00000000 00000000 00000000 00000000     ................
004450: 00000000 00000000 00000000 00000000     ................
004460: 00000000 00000000 00000000 00000000     ................
004470: 00000000 00000000 00000000 00000000     ................
004480: 00000000 00000000 00000000 00000000     ................
004490: 00000000 00000000 00000000 00000000     ................
0044A0: 00000000 00000000 00000000 00000000     ................
0044B0: 00000000 00000000 00000000 00000000     ................
0044C0: 00000000 00000000 00000000 00000000     ................
0044D0: 00000000 00000000 00000000 00000000     ................
0044E0: 00000000 00000000 00000000 00000000     ................
0044F0: 00000000 00000000 00000000 00000000     ................
004500: 00000000 00000000 00000000 00000000     ................
004510: 00000000 00000000 00000000 00000000     ................
004520: 00000000 00000000 00000000 00000000     ................
004530: 00000000 00000000 00000000 00000000     ................
004540: 00000000 00000000 00000000 00000000     ................
004550: 00000000 00000000 00000000 00000000     ................
004560: 00000000 00000000 00000000 00000000     ................
004570: 00000000 00000000 00000000 00000000     ................
004580: 00000000 00000000 00000000 00000000     ................
004590: 00000000 00000000 00000000 00000000     ................
0045A0: 00000000 00000000 00000000 00000000     ................
0045B0: 00000000 00000000 00000000 00000000     ................
0045C0: 00000000 00000000 00000000 00000000     ................
0045D0: 00000000 00000000 00000000 00000000     ................
0045E0: 00000000 00000000 00000000 00000000     ................
0045F0: 00000000 00000000 00000000 00000000     ................
004600: 00000000 00000000 00000000 00000000     ................
004610: 00000000 00000000 00000000 00000000     ................
004620: 00000000 00000000 00000000 00000000     ................
004630: 00000000 00000000 00000000 00000000     ................
004640: 00000000 00000000 00000000 00000000     ................
004650: 00000000 00000000 00000000 00000000     ................
004660: 00000000 00000000 00000000 00000000     ................
004670: 00000000 00000000 00000000 00000000     ................
004680: 00000000 00000000 00000000 00000000     ................
004690: 00000000 00000000 00000000 00000000     ................
0046A0: 00000000 00000000 00000000 00000000     ................
0046B0: 00000000 00000000 00000000 00000000     ................
0046C0: 00000000 00000000 00000000 00000000     ................
0046D0: 00000000 00000000 00000000 00000000     ................
0046E0: 00000000 00000000 00000000 00000000     ................
0046F0: 00000000 00000000 00000000 00000000     ................
004700: 00000000 00000000 00000000 00000000     ................
004710: 00000000 00000000 00000000 00000000     ................
004720: 00000000 00000000 00000000 00000000     ................
004730: 00000000 00000000 00000000 00000000     ................
004740: 00000000 00000000 00000000 00000000     ................
004750: 00000000 00000000 00000000 00000000     ................
004760: 00000000 00000000 00000000 00000000     ................
004770: 00080000 00000000 00000000 00000000     ................
004780: 00000000 00000000 00000000 00000000     ................
004790: 00000000 00000000 00000000 00000000     ................
0047A0: 00000000 00000000 00000000 00000000     ................
0047B0: 00000000 00000000 00000000 00000000     ................
0047C0: 00000000 00000000 00000000 00000000     ................
0047D0: 00000000 00000000 00000000 00000000     ................
0047E0: 00000000 00000000 00000000 00000000     ................
0047F0: 00000000 00000000 00000000 00000000     ................
004800: 00000000 00000000 00000000 00000000     ................
004810: 00000000 00000000 00000000 00000000     ................
004820: 00000000 00000000 00000000 00000000     ................
004830: 00000000 00000000 00000000 00000000     ................
004840: 00000000 00000000 00000000 00000000     ................
004850: 00000000 00000000 00000000 00000000     ................
004860: 00000000 00000000 00000000 00000000     ................
004870: 00000000 00000000 00000000 00000000     ................
004880: 00000000 00000000 00000000 00000000     ................
004890: 00000000 00000000 00000000 00000000     ................
0048A0: 00000000 00000000 00000000 00000000     ................
0048B0: 00000000 00000000 00000000 00000000     ................
0048C0: 00000000 00000000 00000000 00000000     ................
0048D0: 00000000 00000000 00000000 00000000     ................
0048E0: 00000000 00000000 00000000 00000000     ................
0048F0: 00000000 00000000 00000000 00000000     ................
004900: 00000000 00000000 00000000 00000000     ................
004910: 00000000 00000000 00000000 00000000     ................
004920: 00000000 00000000 00000000 00000000     ................
004930: 00000000 00000000 00000000 00000000     ................
004940: 00000000 00000000 00000000 00000000     ................
004950: 00000000 00000000 00000000 00000000     ................
004960: 00000000 00000000 00000000 00000000     ................
004970: 00100000 00000000 00000000 00000000     ................
004980: 00000000 00000000 00000000 00000000     ................
004990: 00000000 00000000 00000000 00000000     ................
0049A0: 00000000 00000000 00000000 00000000     ................
0049B0: 00000000 00000000 00000000 00000000     ................
0049C0: 00000000 00000000 00000000 00000000     ................
0049D0: 00000000 00000000 00000000 00000000     ................
0049E0: 00000000 00000000 00000000 00000000     ................
0049F0: 00000000 00000000 00000000 00000000     ................
004A00: 00000000 00000000 00000000 00000000     ................
004A10: 00000000 00000000 00000000 00000000     ................
004A20: 00000000 00000000 00000000 00000000     ................
004A30: 00000000 00000000 00000000 00000000     ................
004A40: 00000000 00000000 00000000 00000000     ................
004A50: 00000000 00000000 00000000 00000000     ................
004A60: 00000000 00000000 00000000 00000000     ................
004A70: 00000000 00000000 00000000 00000000     ................
004A80: 00000000 00000000 00000000 00000000     ................
004A90: 00000000 00000000 00000000 00000000     ................
004AA0: 00000000 00000000 00000000 00000000     ................
004AB0: 00000000 00000000 00000000 00000000     ................
004AC0: 00000000 00000000 00000000 00000000     ................
004AD0: 00000000 00000000 00000000 00000000     ................
004AE0: 00000000 00000000 00000000 00000000     ................
004AF0: 00000000 00000000 00000000 00000000     ................
004B00: 00000000 00000000 00000000 00000000     ................
004B10: 00000000 00000000 00000000 00000000     ................
004B20: 00000000 00000000 00000000 00000000     ................
004B30: 00000000 00000000 00000000 00000000     ................
004B40: 00000000 00000000 00000000 00000000     ................
004B50: 00000000 00000000 00000000 00000000     ................
004B60: 00000000 00000000 00000000 00000000     ................
004B70: 00000000 00000000 00000000 00000000     ................
004B80: 00000000 00000000 00000000 00000000     ................
004B90: 00000000 00000000 00000000 00000000     ................
004BA0: 00000000 00000000 00000000 00000000     ................
004BB0: 00000000 00000000 00000000 00000000     ................
004BC0: 00000000 00000000 00000000 00000000     ................
004BD0: 00000000 00000000 00000000 00000000     ................
004BE0: 00000000 00000000 00000000 00000000     ................
004BF0: 00000000 00000000 00000000 00000000     ................
004C00: 00000000 00000000 00000000 00000000     ................
004C10: 00000000 00000000 00000000 00000000     ................
004C20: 00000000 00000000 00000000 00000000     ................
004C30: 00000000 00000000 00000000 00000000     ................
004C40: 00000000 00000000 00000000 00000000     ................
004C50: 00000000 00000000 00000000 00000000     ................
004C60: 00000000 00000000 00000000 00000000     ................
004C70: 00000000 00000000 00000000 00000000     ................
004C80: 00000000 00000000 00000000 00000000     ................
004C90: 00000000 00000000 00000000 00000000     ................
004CA0: 00000000 00000000 00000000 00000000     ................
004CB0: 00000000 00000000 00000000 00000000     ................
004CC0: 00000000 00000000 00000000 00000000     ................
004CD0: 00000000 00000000 00000000 00000000     ................
004CE0: 00000000 00000000 00000000 00000000     ................
004CF0: 00000000 00000000 00000000 00000000     ................
004D00: 00000000 00000000 00000000 00000000     ................
004D10: 00000000 00000000 00000000 00000000     ................
004D20: 00000000 00000000 00000000 00000000     ................
004D30: 00000000 00000000 00000000 00000000     ................
004D40: 00000000 00000000 00000000 00000000     ................
004D50: 00000000 00000000 00000000 00000000     ................
004D60: 00000000 00000000 00000000 00000000     ................
004D70: 00000000 00000000 00000000 00000000     ................
004D80: 00000000 00000000 00000000 00000000     ................
004D90: 00000000 00000000 00000000 00000000     ................
004DA0: 00000000 00000000 00000000 00000000     ................
004DB0: 00000000 00000000 00000000 00000000     ................
004DC0: 00000000 00000000 00000000 00000000     ................
004DD0: 00000000 00000000 00000000 00000000     ................
004DE0: 00000000 00000000 00000000 00000000     ................
004DF0: 00000000 00000000 00000000 00000000     ................
004E00: 00000000 00000000 00000000 00000000     ................
004E10: 00000000 00000000 00000000 00000000     ................
004E20: 00000000 00000000 00000000 00000000     ................
004E30: 00000000 00000000 00000000 00000000     ................
004E40: 00000000 00000000 00000000 00000000     ................
004E50: 00000000 00000000 00000000 00000000     ................
004E60: 00000000 00000000 00000000 00000000     ................
004E70: 00000000 00000000 00000000 00000000     ................
004E80: 00000000 00000000 00000000 00000000     ................
004E90: 00000000 00000000 00000000 00000000     ................
004EA0: 00000000 00000000 00000000 00000000     ................
004EB0: 00000000 00000000 00000000 00000000     ................
004EC0: 00000000 00000000 00000000 00000000     ................
004ED0: 00000000 00000000 00000000 00000000     ................
004EE0: 00000000 00000000 00000000 00000000     ................
004EF0: 00000000 00000000 00000000 00000000     ................
004F00: 00000000 00000000 00000000 00000000     ................
004F10: 00000000 00000000 00000000 00000000     ................
004F20: 00000000 00000000 00000000 00000000     ................
004F30: 00000000 00000000 00000000 00000000     ................
004F40: 00000000 00000000 00000000 00000000     ................
004F50: 00000000 00000000 00000000 00000000     ................
004F60: 00000000 00000000 00000000 00000000     ................
004F70: 00000000 00000000 00000000 00000000     ................
004F80: 00000000 00000000 00000000 00000000     ................
004F90: 00000000 00000000 00000000 00000000     ................
004FA0: 00000000 00000000 00000000 00000000     ................
004FB0: 00000000 00000000 00000000 00000000     ................
004FC0: 00000000 00000000 00000000 00000000     ................
004FD0: 00000000 00000000 00000000 00000000     ................
004FE0: 00000000 00000000 00000000 00000000     ................
004FF0: 00000000 00000000 00000000 00000000     ................
005000: 00000000 00000000 00000000 00000000     ................
005010: 00000000 00000000 00000000 00000000     ................
005020: 00000000 00000000 00000000 00000000     ................
005030: 00000000 00000000 00000000 00000000     ................
005040: 00000000 00000000 00000000 00000000     ................
005050: 00000000 00000000 00000000 00000000     ................
005060: 00000000 00000000 00000000 00000000     ................
005070: 00000000 00000000 00000000 00000000     ................
005080: 00000000 00000000 00000000 00000000     ................
005090: 00000000 00000000 00000000 00000000     ................
0050A0: 00000000 00000000 00000000 00000000     ................
0050B0: 00000000 00000000 00000000 00000000     ................
0050C0: 00000000 00000000 00000000 00000000     ................
0050D0: 00000000 00000000 00000000 00000000     ................
0050E0: 00000000 00000000 00000000 00000000     ................
0050F0: 00000000 00000000 00000000 00000000     ................
005100: 00000000 00000000 00000000 00000000     ................
005110: 00000000 00000000 00000000 00000000     ................
005120: 00000000 00000000 00000000 00000000     ................
005130: 00000000 00000000 00000008 00000000     ................
005140: 00000000 00000000 00000000 00000000     ................
005150: 00000080 00000000 00000000 00000000     ................
005160: 00000000 00000000 00000000 00000000     ................
005170: 00000000 00000000 00000000 00000000     ................
005180: 00000000 00000000 00000000 00000000     ................
005190: 00000000 00000000 00000000 00000000     ................
0051A0: 00000000 00000000 00000000 00000000     ................
0051B0: 00000000 00000000 00000000 00000000     ................
0051C0: 00000000 00000000 00000000 00000000     ................
0051D0: 00000000 00000000 00000000 00000000     ................
0051E0: 00000000 00000000 00000000 00000000     ................
0051F0: 00000000 00000000 00000000 00000000     ................
005200: 00000000 00000000 00000000 00000000     ................
005210: 00000000 00000000 00000000 00000000     ................
005220: 00000000 00000000 00000000 00000000     ................
005230: 00000000 00000000 00000000 00000000     ................
005240: 00000000 00000000 00000000 00000000     ................
005250: 00000000 00000000 00000000 00000000     ................
005260: 00000000 00000000 00000000 00000000     ................
005270: 00000000 00000000 00000000 00000000     ................
005280: 00000000 00000000 00000000 00000000     ................
005290: 00000000 00000000 00000000 00000000     ................
0052A0: 00000000 00000000 00000000 00000000     ................
0052B0: 00000000 00000000 00000000 00000000     ................
0052C0: 00000000 00000000 00000000 00000000     ................
0052D0: 00000000 00000000 00000000 00000000     ................
0052E0: 00000000 00000000 00000000 00000000     ................
0052F0: 00000000 00000000 00000000 00000000     ................
005300: 00000000 00000000 00000000 00000000     ................
005310: 00000000 00000000 00000000 00000000     ................
005320: 00000000 00000000 00000000 00000000     ................
005330: 00000000 00000000 00000000 00000000     ................
005340: 00000000 00000000 00000000 00000000     ................
005350: 00000000 00000000 00000000 00000000     ................
005360: 00000004 00000000 00000000 00000000     ................
005370: 00000000 00000000 00000000 00000000     ................
005380: 00000000 00000000 00000000 00000000     ................
005390: 00000000 00000000 00000000 00000000     ................
0053A0: 00000000 00000000 00000000 00000000     ................
0053B0: 00000000 00000000 00000000 00000000     ................
0053C0: 00000000 00000000 00000000 00000000     ................
0053D0: 00000000 00000000 00000000 00000000     ................
0053E0: 00000000 00000000 00000000 00000000     ................
0053F0: 00000000 00000000 00000000 00000000     ................
005400: 00000000 00000000 00000000 00000000     ................
005410: 00000000 00000000 00000000 00000000     ................
005420: 00000000 00000000 00000000 00000000     ................
005430: 00000000 00000000 00000000 00000000     ................
005440: 00000000 00000000 00000000 00000000     ................
005450: 00000000 00000000 00000000 00000000     ................
005460: 00000000 00000000 00000000 00000000     ................
005470: 00000000 00000000 00000000 00000000     ................
005480: 00000000 00000000 00000000 00000000     ................
005490: 00000000 00000000 00000000 00000000     ................
0054A0: 00000000 00000000 00000000 00000000     ................
0054B0: 00000000 00000000 00000000 00000000     ................
0054C0: 00000000 00000000 00000000 00000000     ................
0054D0: 00000000 00000000 00000000 00000000     ................
0054E0: 00000000 00000000 00000000 00000000     ................
0054F0: 00000000 00000000 00000000 00000000     ................
005500: 00000000 00000000 00000000 00000000     ................
005510: 00000000 00000000 00000000 00000000     ................
005520: 00000000 00000000 00000000 00000000     ................
005530: 00000000 00000000 00000000 00000000     ................
005540: 00000000 00000000 00000000 00000000     ................
005550: 00000000 00000000 00000000 00000000     ................
005560: 00000000 00000000 00000000 00000000     ................
005570: 00000000 00000000 00000000 00000000     ................
005580: 00000000 00000000 00000000 00000000     ................
005590: 00000000 00000000 00000000 00000000     ................
0055A0: 00000000 00000000 00000000 00000000     ................
0055B0: 00000000 00000000 00000000 00000000     ................
0055C0: 00000000 00000000 00000000 00000000     ................
0055D0: 00000000 00000000 00000000 00000000     ................
0055E0: 00000000 00000000 00000000 00000000     ................
0055F0: 00000000 00000000 00000000 00000000     ................
005600: 00000000 00000000 00000000 00000000     ................
005610: 00000000 00000000 00000000 00000000     ................
005620: 00000000 00000000 00000000 00000000     ................
005630: 00000000 00000000 00000000 00000000     ................
005640: 00000000 00000000 00000000 00000000     ................
005650: 00000000 00000000 00000000 00000000     ................
005660: 00000000 00000000 00000000 00000000     ................
005670: 00000000 00000000 00000000 00000000     ................
005680: 00000000 00000000 00000000 00000000     ................
005690: 00000000 00000000 00000000 00000000     ................
0056A0: 00000000 00000000 00000000 00000000     ................
0056B0: 00000000 00000000 00000000 00000000     ................
0056C0: 00000000 00000000 00000000 00000000     ................
0056D0: 00000000 00000000 00000000 00000000     ................
0056E0: 00000000 00000000 00000000 00000000     ................
0056F0: 00000000 00000000 00000000 00000000     ................
005700: 00000000 00000000 00000000 00000000     ................
005710: 00000000 00000000 00000000 00000000     ................
005720: 00000000 00000000 00000000 00000000     ................
005730: 00000000 00000000 00000000 00000000     ................
005740: 00000000 00000000 00000000 00000000     ................
005750: 00000000 00000000 00000000 00000000     ................
005760: 00000000 00000000 00000000 00000000     ................
005770: 00000000 00000000 00000000 00000000     ................
005780: 00000000 00000000 00000000 00000000     ................
005790: 00000000 00000000 00000000 00000000     ................
0057A0: 00000000 00000000 00000000 00000000     ................
0057B0: 00000000 00000000 00000000 00000000     ................
0057C0: 00000000 00000000 00000000 00000000     ................
0057D0: 00000000 00000000 00000000 00000000     ................
0057E0: 00000000 00000000 00000000 00000000     ................
0057F0: 00000000 00000000 00000000 00000000     ................
005800: 00000000 00000000 00000000 00000000     ................
005810: 00000000 00000000 00000000 00000000     ................
005820: 00000000 00000000 00000000 00000000     ................
005830: 00000000 00000000 00000000 00000000     ................
005840: 00000000 00000000 00000000 00000000     ................
005850: 00000000 00000000 00000000 00000000     ................
005860: 00000000 00000000 00000000 00000000     ................
005870: 00000000 00000000 00000000 00000000     ................
005880: 00000000 00000000 00000000 00000000     ................
005890: 00000000 00000000 00000000 00000000     ................
0058A0: 00000000 00000000 00000000 00000000     ................
0058B0: 00000000 00000000 00000000 00000000     ................
0058C0: 00000000 00000000 00000000 00000000     ................
0058D0: 00000000 00000000 00000000 00000000     ................
0058E0: 00000000 00000000 00000000 00000000     ................
0058F0: 00000000 00000000 00000000 00000000     ................
005900: 00000000 00000000 00000000 00000000     ................
005910: 00000000 00000000 00000000 00000000     ................
005920: 00000000 00000000 00000000 00000000     ................
005930: 00000000 00000000 00000000 00000000     ................
005940: 00000000 00000000 00000000 00000000     ................
005950: 00000000 00000000 00000000 00000000     ................
005960: 00000000 00000000 00000000 00000000     ................
005970: 00000000 00000000 00000000 00000000     ................
005980: 00000000 00000000 00000000 00000000     ................
005990: 00000000 00000000 00000000 00000000     ................
0059A0: 00000000 00000000 00000000 00000000     ................
0059B0: 00000000 00000000 00000000 00000000     ................
0059C0: 00000000 00000000 00000000 00000000     ................
0059D0: 00000000 00000000 00000000 00000000     ................
0059E0: 00000000 00000000 00000000 00000000     ................
0059F0: 00000000 00000000 00000000 00000000     ................
005A00: 00000000 00000000 00000000 00000000     ................
005A10: 00000000 00000000 00000000 00000000     ................
005A20: 00000000 00000000 00000000 00000000     ................
005A30: 00000000 00000000 00000000 00000000     ................
005A40: 00000000 00000000 00000000 00000000     ................
005A50: 00000000 00000000 00000000 00000000     ................
005A60: 00000000 00000000 00000000 00000000     ................
005A70: 00000000 00000000 00000000 00000000     ................
005A80: 00000000 00000000 00000000 00000000     ................
005A90: 00000000 00000000 00000000 00000000     ................
005AA0: 00000000 00000000 00000000 00000000     ................
005AB0: 00000000 00000000 00000000 00000000     ................
005AC0: 00000000 00000000 00000000 00000000     ................
005AD0: 00000000 00000000 00000000 00000000     ................
005AE0: 00000000 00000000 00000000 00000000     ................
005AF0: 00000000 00000000 00000000 00000000     ................
005B00: 00000000 00000000 00000000 00000000     ................
005B10: 00000000 00000000 00000000 00000000     ................
005B20: 00000000 00000000 00000000 00000000     ................
005B30: 00000000 00000000 00000000 00000000     ................
005B40: 00000000 00000000 00000000 00000000     ................
005B50: 00000000 00000000 00000000 00000000     ................
005B60: 00000000 00000000 00000000 00000000     ................
005B70: 00000000 00000000 00000000 00000000     ................
005B80: 00000000 00000000 00000000 00000000     ................
005B90: 00000000 00000000 00000000 00000000     ................
005BA0: 00000000 00000000 00000000 00000000     ................
005BB0: 00000000 00000000 00000000 00000000     ................
005BC0: 00000000 00000000 00000000 00000000     ................
005BD0: 00000000 00000000 00000000 00000000     ................
005BE0: 00000000 00000000 00000000 00000000     ................
005BF0: 00000000 00000000 00000000 00000000     ................
005C00: 00000000 00000000 00000000 00000000     ................
005C10: 00000000 00000000 00000000 00000000     ................
005C20: 00000000 00000000 00000000 00000000     ................
005C30: 00000000 00000000 00000000 00000000     ................
005C40: 00000000 00000000 00000000 00000000     ................
005C50: 00000000 00000000 00000000 00000000     ................
005C60: 00000000 00000000 00000000 00000000     ................
005C70: 00000000 00000000 00000000 00000000     ................
005C80: 00000000 00000000 00000000 00000000     ................
005C90: 00000000 00000000 00000000 00000000     ................
005CA0: 00000000 00000000 00000000 00000000     ................
005CB0: 00000000 00000000 00000000 00000000     ................
005CC0: 00000000 00000000 00000000 00000000     ................
005CD0: 00000000 00000000 00000000 00000000     ................
005CE0: 00000000 00000000 00000000 00000000     ................
005CF0: 00000000 00000000 00000000 00000000     ................
005D00: 00000000 00000000 00000000 00000000     ................
005D10: 00000000 00000000 00000000 00000000     ................
005D20: 00000000 00000000 00000000 00000000     ................
005D30: 00000000 00000000 00000000 00000000     ................
005D40: 00000000 00000000 00000000 00000000     ................
005D50: 00020000 00000000 00000000 00000000     ................
005D60: 00000000 00000000 00000000 00000000     ................
005D70: 00000000 00000000 00000000 00000000     ................
005D80: 00000000 00000000 00000000 00000000     ................
005D90: 00000000 00000000 00000000 00000000     ................
005DA0: 00000000 00000000 00000000 00000000     ................
005DB0: 00000000 00000000 00000000 00000000     ................
005DC0: 00000000 00000000 00000000 00000000     ................
005DD0: 00000000 00000000 00000000 00000000     ................
005DE0: 00000000 00000000 00000000 00000000     ................
005DF0: 00000000 80000000 00000000 00000000     ................
005E00: 00000000 00000000 00000000 00000000     ................
005E10: 00000000 00000000 00000000 00000000     ................
005E20: 00000000 00000000 00000000 00000000     ................
005E30: 00000000 00000000 00000000 00000000     ................
005E40: 00000000 00000000 00000000 00000000     ................
005E50: 00000000 00000000 00000000 00000000     ................
005E60: 00000000 00000000 00000000 00000000     ................
005E70: 00000000 00000000 00000000 00000000     ................
005E80: 00000000 00000000 00000000 00000000     ................
005E90: 00000000 00000000 00000000 00000000     ................
005EA0: 00000000 00000000 00000000 00000000     ................
005EB0: 00000000 00000000 00000000 00000000     ................
005EC0: 00000000 00000000 00000000 00000000     ................
005ED0: 00000000 00000000 00000000 00000000     ................
005EE0: 00000000 00000000 00000000 00000000     ................
005EF0: 00000000 00000000 00000000 00000000     ................
005F00: 00000000 00000000 00000000 00000000     ................
005F10: 00000000 00000000 00000000 00000000     ................
005F20: 00000000 00000000 00000000 00000000     ................
005F30: 00000000 00000000 00000000 00000000     ................
005F40: 00000000 00000000 00000000 00000000     ................
005F50: 00000000 00000000 00000000 00000000     ................
005F60: 00000000 00000000 00000000 00000000     ................
005F70: 00000000 00000000 00000000 00000000     ................
005F80: 00000000 00000000 00000000 00000000     ................
005F90: 00000000 00000000 00000000 00000000     ................
005FA0: 00000000 00000000 00000000 00000000     ................
005FB0: 00000000 00000000 00000000 00000000     ................
005FC0: 00000000 00000000 00000000 00000000     ................
005FD0: 00000000 00000000 00000000 00000000     ................
005FE0: 00000000 00000000 00000000 00000000     ................
005FF0: 00000000 00000000 00000000 00000000     ................
006000: FFFFFFFF FFFFFFFF FFFFFFFF FFFFFFFF     ................
006010: FFFFFFFF FFFFFFFF FFFFFFFF FFFFFFFF     ................
006020: FFFFFFFF FFFFFFFF FFFFFFFF FFFFFFFF     ................
006030: FFFFFFFF FFFFFFFF FFFFFFFF FFFFFFFF     ................
006040: FFFFFFFF FFFFFFFF FFFFFFFF FFFFFFFF     ................
006050: FFFFFFFF FFFFFFFF FFFFFFFF FFFFFFBF     ................
006060: FFFFFFFF FFFFFF7F FFEFFFFF FFFFFFFF     ...............
006070: FFFFFFFF FFFFFFFF FFFFFFFF FFFFFFFF     ................
006080: FFFFFFDF FFFFFFFF FFFFFFFF FFFFFFFF     ................
006090: FDFFFFFF FFFFFFFF FFFFFFFF FFFFFFFF     ................
0060A0: FDFFFEFF FFFFFFFF FFFFFFFF FFFFFFFF     ................
0060B0: EBFFFFBF FFFFFFFF FFFFFFFF FFFFFFFF     ................
0060C0: FFFFFFDF FFFFFFFF FFFFFFFF FFFFFFFF     ................
0060D0: FFFFFFFF FFFFFFFF FFFFFFFF FFFFFFBF     ................
0060E0: FFFFFFFF FFFFFDFF FFFFFFFF FFFFFFFF     ................
0060F0: FFEFFBFF FFFFFFFF FFFFFFFF FFFFFFFF     ................
006100: FFFFFFFF FFFFFFFF FFFFFFFF FFFFFFFF     ................
006110: FFFFFFFF FFFFFFFF FFFFFFFF FFFFFFFF     ................
006120: FFFFFFFF FFFFFFFF FFFFFFFF FFFFFFFF     ................
006130: FFFFFFFF FFFFFFFF FFFFFFFF FFFFFFDF     ................
006140: FFFFFDFF FFFFFFFF FFFFFFFF FFFFFFFF     ................
006150: FFFFFFFF FFFFFFFF FFFFFFFF FFFFFFFF     ................
006160: FFFFFFFF FFFFFFFF FFFFFFFF FFFFFFFF     ................
006170: FFFFFFFF FFFFFFFF FFFFFFFF FFFFFFFF     ................
006180: FFFFFFFF FFFFFFFF FFFFFFFF FFFFFFFF     ................
006190: FFFFFFFF FFFFFFFF FFFFFFFF FFFFFFFF     ................
0061A0: FFFFFFFF FFFFFFFF FFFFFFFF FFFFFFFF     ................
0061B0: FFFFFFFF FFFFFFFF FFFFFFFF FFFFFFFF     ................
0061C0: FFFFFFFF FFFFFFFF FFFFFFFF FFFFFFFF     ................
0061D0: FFFFFFFF FFFFFFFF FFFFFFFF FFFFFFFF     ................
0061E0: FFFFFFFF FFFFFFFF FFFFFFFF FFFFFFFF     ................
0061F0: FFFFFFFF FFFFFFFF FFFFFFFF FFFFFFFF     ................
006200: FFFFFFFF FFFFFFFF FFFFFFFF FFFFFFFF     ................
006210: FFFFFFFF FFFFFFFF FFFFFFFF FFFFFFFF     ................
006220: FFFFFFFF FFFFFFFF FFFFFFFF FFFFFFFF     ................
006230: FFFFFFFF FFFFFFFF FFFFFFFF FFFFFFFF     ................
006240: FFFFFFFF FFFFFFFF FFFFFFFF FFFFFFFF     ................
006250: FFFFFFFF FFFFFFFF FFFFFFFF FFFFFFFF     ................
006260: FFFFFFFF FFFFFFFF FFFFFFFF FFFFFFFF     ................
006270: FFFFFFFF FFFFFFFF FFFFFFFF FFFFFFFF     ................
006280: FFFFFFFF FFFFFFFF FFFFFFFF FFFFFFFF     ................
006290: FFFFFFFF FFFFFFFF FFFFFFFF FFFFFFFF     ................
0062A0: FFFFFFFF FFFFFFFF FFFFFFFF FFFFFFFF     ................
0062B0: FFFFFFFF FFFFFFFF FFFFFFFF FFFFFFFF     ................
0062C0: FFFBFFFF FFFFFFFF FFFFFFFF FFFFFFFF     ................
0062D0: FFFFFFFF FFFFFFFF FFFFFFFF FFFFFFFF     ................
0062E0: FFFFFFFF FFFFFFFF FFFFFFFF FFFFFFFF     ................
0062F0: FFFFFFFF FFFFFFFF FFFFFFFF FFFFFFFF     ................
006300: FFFFFFFF FFFFFFFF FFFFFFFF FFFFFFFF     ................
006310: FFFFFFFF FFFFFFFF FFFFFFFF FFFFFFFF     ................
006320: FFFFFFFF FFFFFFFF FFFFFFFF FFFFFFFF     ................
006330: FFFFFFFF FFFFFFFF FFFFFFFF FFFFFFFF     ................
006340: FFFFFFFF FFFFFFFF FFFFFFFF FFFFFFFF     ................
006350: FFFFFFFF FFFFFFFF FFFFFFFF FFFFFFFF     ................
006360: FFFFFFFF FFFFFFFF FFFFFFFF FFFFFFFF     ................
006370: FFFFFFFF FFFFFFFF FFFFFFFF FFFFFFFF     ................
006380: FFFFFFFF FFFFFFFF FFFFFFFF FFFFFFFF     ................
006390: FFFFFFFF FFFFFFFF FFFFFFFF FFFFFFFF     ................
0063A0: FFFFFFFF FFFFFFFF FFFFFFFF FFFFFFFF     ................
0063B0: FFFFFFFF FFFFFFFF FFFFFFFF FFFFFFFF     ................
0063C0: FFFFFFFF FFFFFFFF FFFFFFFF FFFFFFFF     ................
0063D0: FFFFFFFF FFFFFFFF FFFFFFFF FFFFFFFF     ................
0063E0: FFFFFFFF FFFFFFFF FFFFFFFF FFFFFFFF     ................
0063F0: FFFFFFFF FFFFFFFF FFFFFFFF FFFFFFFF     ................
006400: FFFFFFFF FFFFFFFF FFFFFFFF FFFFFFFF     ................
006410: FFFFFFFF FFFFFFFF FFFFFFFF FFFFFFFF     ................
006420: FFFFFFFF FFFFFFFF FFFFFFFF FFFFFFFF     ................
006430: FFFFFFEF FFFFFFFF FFFFFFFF FFFFFFFF     ................
006440: FFFFFFFF FFFFFFFF FFFFFFFF FFFFFFFF     ................
006450: FFFFFFFF FFFFFFFF FFFFFFFF FFF7FFFF     ................
006460: FFFFFF7F FFFFFFFF FFFFFFFF FFFFFFFF     ...............
006470: FFFFEFFF FFFFFFFF FFFFFFFF FFFFFFFF     ................
006480: FFFFFFFF FFFFFFFF FFFFFFFF FFFFFFFF     ................
006490: FFBFFFFF FFFFFFFF FFFFFFFF FFFFFFFF     ................
0064A0: FFFFFFFF FFFFFFFF FFFFFFFF DFFFFFFF     ................
0064B0: FFFFFFFF FFFFFFFF FFFFFFFF FFFFFFFF     ................
0064C0: FFFFFFBF FFFFFFFF FFFFFFFF FFFFFFFF     ................
0064D0: FFFFFFFF FFFFFFFF FFFFFFFF FFFFFFFF     ................
0064E0: FFFFFFFF FFBFFFFF FFFFFFFF FFFFFFFF     ................
0064F0: FFFFFFFF FFFFFFFF FFFFFFFF FFFFFFFF     ................
006500: FFFFFFFF FFFFFFFF FFFFFFFF FFFFFFFF     ................
006510: FFFFFFFF FFFFFFFF FFFFFFFF FFFFFFFF     ................
006520: FFFFFFFF FFFFFFFF FFFFFFFF FFFFFFFF     ................
006530: FFFFFFFF FFFFFFFF FFFFFFFF FFFFFFFF     ................
006540: FFFFFFFF FFFFFFFF FFFFFFFF FFFFFFFF     ................
006550: FFFFFFFF FFFFFFFF FFFFFFFF FFFFFFFF     ................
006560: FFFFFFFF FFFFFFFF FFFFFFFF FFFFFFFF     ................
006570: FFFFFFFF FFFFFFFF FFFFFFFF FFFFFFFF     ................
006580: FFFFFFFF FFFFFFFF FFFFFFFF FFFFFFFF     ................
006590: FFFFFFFF FFFFFFFF FFFFFFFF FFFFFFFF     ................
0065A0: FFFFFFFF FFFFFFFF FFFFFFFF FFFFFFFF     ................
0065B0: FFFFFFFF FFFFFFFF FFFFFFFF FFFFFFFF     ................
0065C0: FFFFFFFF FFFFFFFF FFFFFFFF FFFFFFFF     ................
0065D0: FFFFFFFF FFFFFFFF FFFFFFFF FFFFFFFF     ................
0065E0: FFFFFFFF FFFFFFFF FFFFFFFF FFFFFFFF     ................
0065F0: FFFFFFFF FFFFFFFF FFFFFFFF FFFFFFFF     ................
006600: FFFFFFFF FFFFFFFF FFFFFFFF FFFFFFFF     ................
006610: FFFFFFFF FFFFFFFF FFFFFFFF FFFFFFFF     ................
006620: FFFFFFFF FFFFFFFF FFFFFFFF FFFFFFFF     ................
006630: FFFFFFFF FFFFFFFF FFFFFFFF FFFFFFFF     ................
006640: FFFFFFFF FFFFFFFF FFFFFFFF FFFFFFFF     ................
006650: FFFFFFFF FFFFFFFF FFFFFFFF FFFFFFFF     ................
006660: FFFFFFFF FFFFFFFF FFFFFFFF FFFFFFFF     ................
006670: FFFFFFFF FFFFFFFF FFFFFFFF FFFFFFFF     ................
006680: FFFFFFFF FFFFFFFF FFFFFFFF FFFFFFFF     ................
006690: FFFFFFFF FFFFFFFF FFFFFFFF FFFFFFFF     ................
0066A0: FFFFFFFF FFFFFFFF FFFFFFFF FFFFFFFF     ................
0066B0: FFFFFFFF FFFFFFFF FFFFFFFF FFFFFFFF     ................
0066C0: FFFFFFFF FFFFFFFF FFFFFFFF FFFFFFFF     ................
0066D0: FFFFFFFF FFFFFFFF FFFFFFFF FFFFFFFF     ................
0066E0: FFFFFFFF FFFFFFFF FFFFFFFF FFFFFFFF     ................
0066F0: FFFFFFFF FFFFFFFF FFFFFFFF FFFFFFFF     ................
006700: FFFFFFFF FFFFFFFF FFFFFFFF FFFFFFFF     ................
006710: FFFFFFFF FFFFFFFF FFFFFFFF FFFFFFFF     ................
006720: FFFFFFFF FFFFFFFF FFFFFFFF FFFFFFFF     ................
006730: FFFFFFFF FFFFFFFF FFFFFFFF FFFFFFFF     ................
006740: FFFFFFFF FFFFFFFF FFFFFFFF FFFFFFFF     ................
006750: FFFFFFFF FFFFFFFF FFFFFFFF FFFFFFFF     ................
006760: FFFFFFFF FFFFFFFF FFFFFFFF FFFFFFFF     ................
006770: FFFFFFFF FFFFFFFF FFFFFFFF FFFFFFFF     ................
006780: FFFFFFFF FFFFFFFF FFFFFFFF FFFFFFFF     ................
006790: FFFFFFFF FFFFFFFF FFFFFFFF FFFFFFFF     ................
0067A0: FFFFFFFF FFFFFFFF FFFFFFFF FFFFFFFF     ................
0067B0: FFFFFFFF FFFFFFFF FFFFFFFF FFFFFFFF     ................
0067C0: FFFFFFFF FFFFFFFF FFFFFFFF FFFFFFFF     ................
0067D0: FFFFFFFF FFFFFFFF FFFFFFFF FFFFFFFF     ................
0067E0: FFFFFFFF FFFFFFFF FFFFFFFF FFFFFFFF     ................
0067F0: FFFFFFFF FFFFFFFF FFFFFFFF FFFFFFFF     ................
006800: FFFFFFFF FFFFFFFF FFFFFFFF FFFFFFFF     ................
006810: FFFFFFFF FFFFFFFF FFFFFFFF FFFFFFFF     ................
006820: FFFFFFFF FFFFFFFF FFFFFFFF FFFFFFFF     ................
006830: FFFFFFFF FFFFFFFF FFFFFFFF FFFFFFFF     ................
006840: FFFFFFFF FFFFFFFF FFFFFFFF FFFFFFFF     ................
006850: FFFFFFFF FFFFFFFF FFFFFFFF FFFFFFFF     ................
006860: FFFFFFFF FFFFFFFF FFFFFFFF FFFFFFFF     ................
006870: FFFFFFFF FFFFFFFF FFFFFFFF FFFFFFFF     ................
006880: FFFFFFFF FFFFFFFF FFFFFFFF FFFFFFFF     ................
006890: FFFFFFFF FFFFFFFF FFFFFFFF FFFFFFFF     ................
0068A0: FFFFFFFF FFFFFFFF FFFFFFFF FFFFFFFF     ................
0068B0: FFFFFFFF FFFFFFFF FFFFFFFF FFFFFFFF     ................
0068C0: FFFFFFFF FFFFFFFF FFFFFFFF FFFFFFFF     ................
0068D0: FFFFFFFF FFFFFFFF FFFFFFFF FFFFFFFF     ................
0068E0: FFFFFFFF FFFFFFFF FFFFFFFF FFFFFFFF     ................
0068F0: FFFFFFFF FFFFFFFF FFFFFFFF FFFFFFFF     ................
006900: FFFFFFFF FFFFFFFF FFFFFFFF FFFFFFFF     ................
006910: FFFFFFFF FFFFFFFF FFFFFFFF FFFFFFFF     ................
006920: FFFFFFFF FFFFFFFF FFFFFFFF FFFFFFFF     ................
006930: FFFFFFFF FFFFFFFF FFFFFFFF FFFFFFFF     ................
006940: FFFFFFFF FFFFFFFF FFFFFFFF FFFFFFFF     ................
006950: FFFFFFFF FFFFFFFF FFFFFFFF FFFFFFFF     ................
006960: FFFFFFFF FFFFFFFF FFFFFFFF FFFFFFFF     ................
006970: FFFFFFFF FFFFFFFF FFFFFFFF FFFFFFFF     ................
006980: FFFFFFFF FFFFFFFF FFFFFFFF FFFFFFFF     ................
006990: FFFFFFFF FFFFFFFF FFFFFFFF FFFFFFFF     ................
0069A0: FFFFFFFF FFFFFFFF FFFFFFFF FFFFFFFF     ................
0069B0: FFFFFFFF FFFFFFFF FFFFFFFF FFFFFFFF     ................
0069C0: FFFFFFFF FFFFFFFF FFFFFFFF FFFFFFFF     ................
0069D0: FFFFFFFF FFFFFFFF FFFFFFFF FFFFFFFF     ................
0069E0: FFFFFFFF FFFFFFFF FFFFFFFF FFFFFFFF     ................
0069F0: FFFFFFFF FFFFFFFF FFFFFFFF FFFFFFFF     ................
006A00: FFFFFFFF FFFFFFFF FFFFFFFF FFFFFFFF     ................
006A10: FFFFFFFF FFFFFFFF FFFFFFFF FFFFFFFF     ................
006A20: FFFFFFFF FFFFFFFF FFFFFFFF FFFFFFFF     ................
006A30: FFFFFFFF FFFFFFFF FFFFFFFF FFFFFFFF     ................
006A40: FFFFFFFF FFFFFFFF FFFFFFFF FFFFFFFF     ................
006A50: FFFFFFFF FFFFFFFF FFFFFFFF FFFFFFFF     ................
006A60: FFFFFFFF FFFFFFFF FFFFFFFF FFFFFFFF     ................
006A70: FFFFFFFF FFFFFFFF FFFFFFFF FFFFFFFF     ................
006A80: FFFFFFFF FFFFFFFF FFFFFFFF FFFFFFFF     ................
006A90: FFFFFFFF FFFFFFFF FFFFFFFF FFFFFFFF     ................
006AA0: FFFFFFFF FFFFFFFF FFFFFFFF FFFFFFFF     ................
006AB0: FFFFFFFF FFFFFFFF FFFFFFFF FFFFFFFF     ................
006AC0: FFFFFFFF FFFFFFFF FFFFFFFF FFFFFFFF     ................
006AD0: FFFFFFFF FFFFFFFF FFFFFFFF FFFFFFFF     ................
006AE0: FFFFFFFF FFFFFFFF FFFFFFFF FFFFFFFF     ................
006AF0: FFFFFFFF FFFFFFFF FFFFFFFF FFFFFFFF     ................
006B00: FFFFFFFF FFFFFFFF FFFFFFFF DFFFFFFF     ................
006B10: FFFFFFFF FFFFFFFF FFFFFFFF FFFFFFFF     ................
006B20: FFFFFFFF FFFFFFFF FFFFFFFF FFFFFFFF     ................
006B30: FFFFFFFF FFFFFFFF FFFFFFFF FFFFFFFF     ................
006B40: EFFFFFFF FFFFFFFF FFFFFFFF FFFFFFFF     ................
006B50: FFFFFFFF FFFFFFFF FFFFFFFF FFFFFFFF     ................
006B60: FFFFFFFF FFFFFFFF FFFFFFFF FFFFFFFF     ................
006B70: FFFFFFFF FFFFFFFF FFFFFFFF FFFFFFFF     ................
006B80: FFFFFFFF FFFFFFFF FFFFFDFF FFFFFFFF     ................
006B90: FDFFFFFF FEFFFFFF FFFFFFFF FFFFFFFF     ................
006BA0: FFFFFFFF FFFFFFFF FFFFFFFF FFFFFFFF     ................
006BB0: FFFFFFFF FFFFFFFF FFFFFFFF FFFFFFFF     ................
006BC0: FFFFFFFF FFFFFFFF FFFFFFFD FFFFFFFF     ................
006BD0: FFFFFFFF FFFFFFFF FFFFFFFF FFFFFFFF     ................
006BE0: FFFFFFFF FFFFFFFF FFFFFFFF FFFFFFFF     ................
006BF0: FFFFFFFF FFFFFFFF FFFFFFFF FFFFFFFF     ................
006C00: FFFFFFFF FFFFFFFF FFFFFFFF FFFFFFFF     ................
006C10: FFFFFFFF FFFFFFFF FFFFFFFF FFFFFFFF     ................
006C20: FFFFFFFF FFFFFFFF FFFFFFFF FFFFFFFF     ................
006C30: FFFFFFFF FFFFFFFF FFFFFFFF FFFFFFFF     ................
006C40: FFFFFFFF FFFFFFFF FFFFFFFF FFFFFFFF     ................
006C50: DFFFFFFF FFFFFFFF FFFFFFFF FFFFFFFF     ................
006C60: FFFFFFFF FFFFFFFF FFFFFFFF FFFFFFFF     ................
006C70: FFFFFFFF FFFFFFFF FFFFFFFF FFFFFFFF     ................
006C80: FFFFFFFF FFFFFFFF FFFFFFFF FFFFFFFF     ................
006C90: FFFFFFFF FFFFFFFF FFFFFFFF FFFFFFFF     ................
006CA0: FFFFFFFF FFFFFFFF FFFFFFFF FFFFFFFF     ................
006CB0: FFFFFFFF FFFFFFFF FFFFFFFF FFFFFFFF     ................
006CC0: FFFFFFFF FFFFFFFF FFFFFFFF FFFFFFFF     ................
006CD0: FFFFFFFF FFFFFFFF FFFFFFFF FFFFFFFF     ................
006CE0: FFFFFFFF FFFFFFFF FFFFFFFF FFFFBFFF     ................
006CF0: FFFFFFFF FFFFFFFF FFFFFFFF FFFFFFFF     ................
006D00: FFFFFFFF FFFFFFFF FFFFFFFF FFFFFFFF     ................
006D10: FFFFFFFF FFFFFFFF FFFFFFFF FFFFFFFF     ................
006D20: FFFFFFFF FFFFFFFF FFFFFFFF FFFFFFFF     ................
006D30: FFFFFFFF FFFFFFFF FFFFFFFF FFFFFFFF     ................
006D40: FFFFFFFF FFFFFFFF FFFFFFFF FFFFFFFF     ................
006D50: FFFFFFFF FFFFFFFF FFFFFFFF FFFFFFFF     ................
006D60: FFFFFFFF FFFFFFFF FFFFFFFF FFFFFFFF     ................
006D70: FFFFFFFF FFFFFFFF FFFFFFFF FFFFFFFF     ................
006D80: FFFFFFFF FFFFFFFF FFFFFFFF FFFFFFFF     ................
006D90: FFFFFFFF FFFFFFFF FFFEFFFF FFFFFFFF     ................
006DA0: FFFFFFFF FFFFFFFF FFFFFFFF FFFFFFFF     ................
006DB0: FFFFFFFF FFFFFFFF FFFFFFFF FFFFFFFF     ................
006DC0: FFFFFFFF FFFFFFFF FFFFFFFF FFFFFFFF     ................
006DD0: FFFFFFFF FFFFFFFF FFFFFFFF FFFFFFFF     ................
006DE0: FFFFFFFF FFFFFFFF FFFFFFFF FFFFFFFF     ................
006DF0: FFFFFFFF FFFFFFFF FFFFFFFF FFFFFFFF     ................
006E00: FFFFFFFF FFFFFFFF FFFFFFFF FFFFFFFF     ................
006E10: FFFFFFFF FFFFFFFF FFFFFFFF FFFFFFFF     ................
006E20: FFFFFFFF FFFFFFFF FFFFFFFF FFFFFFFF     ................
006E30: FFFFFFFF FFFFFFFF FFFFFFFF FFFFFFFF     ................
006E40: FFFFFFFF FFFFFFFF FFFFFFFF FFFFFFFF     ................
006E50: FFFFFFFF FFFFFFFF FFFFFFFF FFFFFFFF     ................
006E60: FFFFFFFF FFFFFFFF FFFFFFFF FFFFFFFF     ................
006E70: FFFFFFFF FFFFFFFF FFFFFFFF FFFFFFFF     ................
006E80: FFFFFFFF FFFFFFFF FFFFFFFF FFFFFFFF     ................
006E90: FFFFFFFF FFFFFFFF FFFFFFFF FFFFFFFF     ................
006EA0: FFFFFFFF FFFFFFFF FFFFFFFF FFFFFFFF     ................
006EB0: FFFFFFFF FFFFFFFF FFFFFFFF FFFFFFFF     ................
006EC0: FFFFFFFF FFFFFFFF FFFFFFFF FFFFFFFF     ................
006ED0: FFFFFFFF FFFFFFFF FFFFFFFF FFFFFFFF     ................
006EE0: FFFFFFFF FFFFFFFF FFFFFFFF FFFFFFFF     ................
006EF0: FFFFFFFF FFFFFFFF FFFFFFFF FFFFFFFF     ................
006F00: FFFFFFFB FFFFFFFF FFFFFFFF FFFFFFFF     ................
006F10: FFFFFFFF FFFFFFFF FFFFFFFF FFFFFFFF     ................
006F20: FFFFFFFF FFFFFFFF FFFFFFFF FFFFFFFF     ................
006F30: FFFFFFFF FFFFFFFF FFFFFFFF FFFFFFFF     ................
006F40: FFFFFFFF FFFFFFFF FFFFFFFF FFFFFFFF     ................
006F50: FFFFFFFF FFFFFFFF FFFFFFFF FFFFFFFF     ................
006F60: FFFFFFFF FFFFFFFF FFFFFFFF FFFFFFDF     ................
006F70: FFFFFFFF FFFFFFFF FFFFFFFF FFFFFFFF     ................
006F80: FFFFFFFF FFFFFFFF FFFFFFFF FFFFFFFF     ................
006F90: FFFFFFFF FFFFFFFF FFFFFFFF FFFFFFFF     ................
006FA0: FFFFFFFF FFFFFFFF FFFFFFFF FFFEFFFF     ................
006FB0: FFFFFFFF FFFFFFFF FFFFFFFF FFFFFFFF     ................
006FC0: FFFFFBFF FFFFFFFF FFFFFFFF FFFFFFFF     ................
006FD0: FFFFFFFF FFFFFFFF FFFFFFFF FFFFFFFF     ................
006FE0: FFFFFFFF DFFFFFFF FFFFFFFB FFFFFFFF     ................
006FF0: FFFFFFFF FFFFFFFF FFFFFFEF FFFFFFFF     ................
007000: F7FFFFFF FFFFFFFF FFFFFFFF FFFFF7DF     ................
007010: FFFFFFFF FFFFFFFF FFFFFFFF FFFFFFFF     ................
007020: FFFFFFFF FFFFFFFF FFFFFFFF FFFFFFFF     ................
007030: FFFFFFFF FFFF7FFF FFFFFFFF FFFFFFFF     ...............
007040: FFFFFFFF FFFFFFFF FFFFFFFF FFFFFFFF     ................
007050: FF7FFFFF FFFFFFFF FFFFFFFF FFFFFFFF     ...............
007060: FFFFFFFF 7FFFFFFF FFFFFFFF FFFFFFFF     ...............
007070: DFFFFFFF FFFFFFFF FFFFFFFF FFFFFFFF     ................
007080: FFFFFFFF FFFFFFFF FFFFFFFF FFFFFFFF     ................
007090: FFFFFFFF FFDFFFFF FFFFFFFF FFFFFFFF     ................
0070A0: FFFFFFFF FFFFFFFF FFFFFFFF FFFFFFFF     ................
0070B0: FFFFFFFF FFDFFFFF FFFFFFFF FFFFFFFF     ................
0070C0: FFFFFFFF FFFFFFFF FFFFFFFF FFFFFFFF     ................
0070D0: FFFFFFFF FFFFFFFF FFFFFFFF FFFFFFFF     ................
0070E0: FFFFFFFF FFFFFFFF FFFFFFFF FFBFFFFF     ................
0070F0: FBBFFFFF FFFFFFFF FFFFFFFF FFFFFFFF     ................
007100: FFFFFFFF FFFFFFFF FFFFFFFF FFFFFFFF     ................
007110: FFFFFFFF FFFFFFFF FFFFFFFF FFFFFFFF     ................
007120: FFFFFFFF FFFFFFFF FFFFFFFF FFFFFFFF     ................
007130: FFFFFFFF FFFFFFFF FFFFFFFF FFFFFFFF     ................
007140: FFFFFFFF FFFFFFFF FFFFFFFF FFFFFFFF     ................
007150: FFFFFFFF FFFFFFFF FFFFFFFF FFFFFFFF     ................
007160: FFFFFFFF FFFFFFFF FFFFFFFF FFFFFFFF     ................
007170: FFFFFFFF FFFFFFFF FFFFFFFF FFFFFFFF     ................
007180: FFFFFFFF FFFFFFFF FFFFFFFF FFFFFFFF     ................
007190: FFFFFFFF FFFFFFFF FFFFFFFF FFFFFFFF     ................
0071A0: FFFFFFFF FFFFFFFF FFFFFFFF FFFFFFFF     ................
0071B0: FFFFFFFF FFFFFFFF FFFFFFFF FFFFFFFF     ................
0071C0: FFFFFFFF FFFFFFFF FFFFFFFF FFFFFFFF     ................
0071D0: FFFFFFFF FFFFFFFF FFFFFFFF FFFFFFFF     ................
0071E0: FFFFFFFF FFFFFFFF FFFFFFFF FFFFFFFF     ................
0071F0: FFFFFFFF FFFFFFFF FFFFFFFF FFFFFFFF     ................
007200: FFFFFFFF FFFFFFFF FFFFFFFF FFFFFFFF     ................
007210: FFFFFFFF FFFFFFFF FFFFFFFF FFFFFFFF     ................
007220: FFFFFFFF FFFFFFFF FFFFFFFF FFFFFFFF     ................
007230: FFFFFFFF FFFFFFFF FBFFFFFF FFFFFFFF     ................
007240: FFFFFFFF FFFFFFFF FFFFFFFF FFFFFFFF     ................
007250: FFFFFFFF FFFFFFFF FFFFFFFF FFFFFFFF     ................
007260: FFFFFFFF FFFFFFFF FFFFFFFF FFFFFFFF     ................
007270: FFFFFFFF FFFFFFFF FFFFFFFF FFFFFFFF     ................
007280: FFFFFFFF FFFFFFFF FFFFFFFF FFFFFFFF     ................
007290: FFFFFFFF FFFFFFFF FFFFFFFF FFFFFFFF     ................
0072A0: FFFFFFFF FFFFFFFF FFFFFFFF FFFFFFFF     ................
0072B0: FFFFFFFF FFFFFFFF FFFFFFFF FFFFFFFF     ................
0072C0: FFFFFFFF FFFFFFFF FFFFFFFF FFFFFFFF     ................
0072D0: FFFFFFFF FFFFFFFF FFFFFFFF FFFFFFFF     ................
0072E0: FFFFFFFF FFFFFFFF FFFFFFFF FFFFFFFF     ................
0072F0: FFFFFFFF FFFFFFFF FFFFFFFF FFFFFFFF     ................
007300: FFFFFFFF FFFFFFFF FFFFFFFF FFFFFFFF     ................
007310: FFFFFFFF FFFFFFFF FFFFFFFF FFFFFFFF     ................
007320: FFFFFFFF FFFFFFFF FFFFFFFF FFFFFFFF     ................
007330: FFFFFFFF FFFFFFFF FFFFFFFF FFFFFFFF     ................
007340: FFFFFFFF FFFFFFFF FFFFFFFF FFFFFFFF     ................
007350: FFFFFFFF FFFFFFFF FFFFFFFF FFFFFFFF     ................
007360: FFFFFFFF FFFFFFFF FFFFFFFF FFFFFFFF     ................
007370: FFFFFFFF FFFFFFFF FFFFFFFF FFFFFFFF     ................
007380: EFFFFFFF FFFFFFFF FFFFFFFF FFFFFFFF     ................
007390: FFFFFFFF FFFFFFFF FFFFFFFF FFFFFFFF     ................
0073A0: FFFFFFFF FFFFFFFF FFFFFFFF FFFFFFFF     ................
0073B0: FFFFFFFF FFFFFFFF FFFFFFFF FFFFFFFF     ................
0073C0: FFFFFFFF FFFFFFFF FFFFFFFF FFFFFFFF     ................
0073D0: FFFFFFFF FFFFFFFF FFFFFFFF FFFFFFFF     ................
0073E0: FFFFFFFF FFFFFFFF FFFFFFFF FFFFFFFF     ................
0073F0: FFFFFFFF FFFFFFFF FFFFFFFF FFFFFFFF     ................
007400: FFFFFFFF FFFFFFFF FFFFFFFF FFFFFFFF     ................
007410: FFFFFFFF FFFFFFFF FFFFFFFF FFFFFFFF     ................
007420: FFFFFFFF FFFFFFFF FFFFFFFF FFFFFFFF     ................
007430: FFFFFFFF FFFFFFFF FFFFFFFF FFFFFF7F     ...............
007440: FFFFFFFF FFFFFFFF FFFFFFFF FFFFFFFF     ................
007450: FFFFFFFF FFFFFFFF FFFFFFFF FFFFFFFF     ................
007460: FFFFFFFF FFFFFFFF FFFFFFFF FFFFFFFF     ................
007470: FFFFFFFF FFFFFFFF FFFFFFFF FFFFFFFF     ................
007480: 4FFFFFC6 D5FFFFFF FFFFFFFF FFFFFFFF     O...............
007490: FFFFFFFF FFFFFFFF FFFFFFFF FFFFDFFF     ................
0074A0: FFFFFFFF FFFFFFFF FFFFFFFF FFFFFFFF     ................
0074B0: FFFDFFFF FFFFFFFF FFFFFFFF FFFFFFFF     ................
0074C0: FF7FFFFF FFFFFFFF FFFFFFFF FFFFFFFF     ...............
0074D0: FF7FFFFF FFDFFFFF FFFFFFFF FFFFBFFF     ...............
0074E0: FFFFFFFF FFFFFFFF FFFFFFFF FFFFFFFF     ................
0074F0: FBFFFFFF FFFFFFFF FFFFFFF7 FFFFDFC5     ................
007500: FFFFFFFF FFFFFFFF FFFFFFFF FFFFFFFF     ................
007510: FFFFFFFF FFFFFFFF FFFFFFFF FFFFFFFF     ................
007520: FFFFFFFF FFFFFFFF FFFFFFFF FFFFFFFF     ................
007530: FFFFFFFF FFFFFFFF FFFFFFFF FFFFFFFF     ................
007540: FFFFFFFF FFFFFFFF FFFFFFFF FFFFFFFF     ................
007550: FFFFFFFF FFFFFFFF FFFFFFFF FFFFFFFF     ................
007560: FFFFFFFF FFFFFFFF FFFFFFFF FFFFFFFF     ................
007570: FFFFFFFF FFFFFFFF FFFFFFFF FFFFFFFF     ................
007580: FEFFFFBF FFFFFFFF FFFFFFFF FFFFFFFF     ................
007590: FFFFFFFF FFFFFFFF FFFFFFFF FFFFFFFF     ................
0075A0: FFFFFFFF FFFFFFFF FFFFFFFF FFFFFFFF     ................
0075B0: FFFFFFFF FFFFFFFF FFFFFFFF FFFFFFFF     ................
0075C0: FFFFFFFF FFFFFFFF FFFFFFFF FFFFFFFF     ................
0075D0: FFFFFFFF FFFFFFFF FFFFFFFF FFFFFFFF     ................
0075E0: FFFFFFFF FFFFFFFF FFFFFFFF FFFFFFFF     ................
0075F0: FFFFFFFF FFFFFFFF FFFFFFFF FFFFF7FF     ................
007600: FFFFFFFF FFFFFFFF FFFFFFFF FFFFFFFF     ................
007610: FFFFFFFF FFFFFFFF FFFFFFFF FFFFFFFF     ................
007620: FFFFFFFF FFFFFFFF FFFFFFFF FFFFFFFF     ................
007630: FFFFFFFF FFFFFFFF FFFFFFFF FFFFFFFF     ................
007640: FFFFFFFF FFFFFFFF FFFFFFFF FFFFFFFF     ................
007650: FFFFFFFF FFFFFFFF FFFFFFFF FFFFFFFF     ................
007660: FFFFFFFF FFFFFFFF FFFFFFFF FFFFFFFF     ................
007670: FFFFFFFF FFFFFFFF FFFFFFFF FFFFFFFF     ................
007680: FFFFFFFF FFFFFFFF FFFFFFFF FFFFFFFF     ................
007690: FFFFFFFF FFFFFFFF FFFFFFFF FFFFFFFF     ................
0076A0: FFFFFFFF FFFFFFFF FFFFFFFF FFFFFFFF     ................
0076B0: FFFFFFFF FFFFFFFF FFFFFFFF FFFFFFFF     ................
0076C0: FFFFFFFF FFFFFFFF FFFFFFFF FFFFFFFF     ................
0076D0: FFFFFFFF FFFFFFFF FFFFFFFF FFFFFFFF     ................
0076E0: FFFFFFFF FFFFFFFF FFFFFFFF FFFFFFFF     ................
0076F0: FFFFFFFF FFFFFFFF FFFFFFFF FFFFFFF7     ................
007700: FFFFFFFF FFFFFFFF FFFFFFFF FFFFFFFF     ................
007710: FFFFFFFF FFFFFFFF FFFFFFFF FFFFFFFF     ................
007720: FFFFFFFF FFFFFFFF FFFFFFFF FFFFFFFF     ................
007730: FFFFFFFF FFFFFFFF FFFFFFFF FFFFFFFF     ................
007740: FFFFFFFF FFFFFFFF FFFFFFFF FFFFFFFF     ................
007750: FFFFFFFF FFFFFFFF FFFFFFFF FFFFFFFF     ................
007760: FFFFFFFF FFFFFFFF FFFFFFFF FFFFFFFF     ................
007770: FFFFFFFF FFFFFFFF FFFFFFFF FFFFFFFF     ................
007780: BBFFFF7E BFFFFFFF FFFFFFFF FFFFFFFF     ...~............
007790: FFFFFFFF FFFFFFFF FFFFFFFF FFFFFFFF     ................
0077A0: FFFFFFFF FFFFFFFF FFFFFFFF FFFFFFFF     ................
0077B0: FFFFFFFF FFFFFFFF FFFFFFFF FFFFFFFF     ................
0077C0: FFFFFFFF FFFFFFFF FFFFFFFF FFFFFFFF     ................
0077D0: FFFFFFFF FFFFFFFF FFFFFFFF FFFFFFFF     ................
0077E0: FFFFFFFF FFFFFFFF FFFFFFFF FFFFFFFF     ................
0077F0: FFFFFFFF FFFFFFFF FFFFFFFF FFFFFFFF     ................
007800: FFFFFFFF FFFFFFFF FFFFFFFF FFFFFFFF     ................
007810: FFFFFFFF FFFFFFFF FFFFFFFF FFFFEFFF     ................
007820: FFFFFFFF FFFFFFFF FFFFFFFF FFFFFFFF     ................
007830: FFFFFFFF FFFFFFFF FFFFFFFF FFFFFFFF     ................
007840: FFFFFFFF FFFFFFFF FFFFFFFF FFFFFFFF     ................
007850: FFFFFFFF F7FFFFFF FFFFFFFF FFFFFFFF     ................
007860: FFFFFFFF FFFFFFFF FFFFFFFF FFFFFFFF     ................
007870: FFFFFFFF FFFFFFFF FFFFFFFF FFFFFFFF     ................
007880: FFFFFFFF FFFFFFFF FFFFFFFF FFFFFFFF     ................
007890: FFFFFFFF FFFFFFFF FFFFFFFF FFFFFFFF     ................
0078A0: FFFFFFFF FFFFFFFF FFFFFFFF FFFFFFFF     ................
0078B0: FFFFFFFF FFFFFFFF FFFFFFFF FFFFFFFF     ................
0078C0: FFFFFFFF FFFFFFFF FFFFFFFF FFFFFFFF     ................
0078D0: FFFFFFFF FFFFFFFF FFFFFFFF FFFFFFFF     ................
0078E0: FFFFFFFF FFFFFFFF FFFFFFFF FFFFFFFF     ................
0078F0: FFFFFFFF FFFFFFFF FFFFFFFF FFFFFFFF     ................
007900: FFFFFFFF FFFFFFFF FFFFFFFF FFFFFFFF     ................
007910: FFFFFFFF FFFFFFFF FFFFFFFF FFFFFFFF     ................
007920: FFFFFFFF FFFFFFFF FFFFFFFF FFFFFFFF     ................
007930: FFFFFFFF FFFFFFFF FFFFFFFF FFFFFFFF     ................
007940: FFFFFFFF FFFFFFFF FFFFFFFF FFFFFFFF     ................
007950: FFFFFFFF FFFFFFFF FFFFFFFF FFFFFFFF     ................
007960: FFFFFFFF FFFFFFFF FFFFFFFF FFFFFFFF     ................
007970: FFFFFFFF FFFFFFFF FFFFFFFF FFFFFFFF     ................
007980: FFFFFFFF FFFFFFFF FFFFFFFF FFFFFFFF     ................
007990: FFFFFFFF FFFFFFFF FFFFFFFF FFFFFFFF     ................
0079A0: FFFFFFFF FFFFFFFF FFFFFFFF FFFFFFFF     ................
0079B0: FFFFFFFF FFFFFFFF FFFFFFFF FFFFFFFF     ................
0079C0: FFFFFFFF FFFFFFFF FFFFFFFF FFFFFFFF     ................
0079D0: FFFFFFFF FFFFFFFF FFFFFFFF FFFFFFFF     ................
0079E0: FFFFFFFF FFFFFFFF FFFFFFFF FFFFFFFF     ................
0079F0: FFFFFFFF FFFFFFFF FFFFFFFF FFFFFFFF     ................
007A00: FFFFFFFF FFFFFFFF FFFFFFFF FFFFFFFF     ................
007A10: FFFFFFFF FFFFFFFF FFFFFFFF FFFFFFFF     ................
007A20: FFFFFFFF FFFFFFFF FFFFFFFF FFFFFFFF     ................
007A30: FFFFFFFF FFFFFFFF FFFFFFFF FFFFFFFF     ................
007A40: FFFFFFFF FFFFFFFF FFFFFFFF FFFFFFFF     ................
007A50: FFFFFFFF FFFFFFFF FFFFFFFF FFFFFFFF     ................
007A60: FFFFFFFF FFFFFFFF FFFFFFFF FFFFFFFF     ................
007A70: FFFFFFFF FFFFFFFF FFFFFFFF FFFFFFFF     ................
007A80: FFFFFFFF FFFFFFFF FFFFFFFF FFFFFFFF     ................
007A90: FFFFFFFF FFFFFFFF FFFFFFFF FFFFFFFF     ................
007AA0: FFFFFFFF FFFFFFFF FFFFFFFF FFFFFFFF     ................
007AB0: FFFFFFFF FFFFFFFF FFFFFFFF FFFFFFFF     ................
007AC0: FFFFFFFF FFFFFFFF FFFFFFFF FFFFFFFF     ................
007AD0: FFFFFFFF FFFFFFFF FFFFFFFF FFFFFFFF     ................
007AE0: FFFFFFFF FFFFFFFF FFFFFFFF FFFFFFFF     ................
007AF0: FFFFFFFF FFFFFFFF FFFFFFFF FFFFFFFF     ................
007B00: FFFFFFFF FFFFFFFF FFFFFFFF FFFFFFFF     ................
007B10: FFFFFFFF FFFFFFFF FFFFFFFF FFFFFFFF     ................
007B20: FFFFFFFF FFFFFFFF FFFFFFFF FFFFFFFF     ................
007B30: FFFFFFFF FFFFFFFF FFFFFFFF FFFFFFFF     ................
007B40: FFFFFFFF FFFFFFFF FFFFFFFF FFFFFFFF     ................
007B50: FFFFFFF7 FFFFFFFF FFFFFFFF FFFFFFFF     ................
007B60: FFFFFFFF FFFFFFFF FFFFFFFF FFFFFFFF     ................
007B70: FFFFFFFF FFFFFFFF FFFFFFFF FFFFFFFF     ................
007B80: FFFFFFEF FFFFFFFF FFFFFFFF FFFFFFFF     ................
007B90: FFFFFFFF FFFFFFFF FFFFFFFF FFFFFFFF     ................
007BA0: FFFFFFFF FFFFFFFF FFFFFFFF FFFFFFFF     ................
007BB0: FFFFFFFF FFFFFFFF FFFFFFFF FFFFFFFF     ................
007BC0: FFFFFFFF FDFFFFFF FFFFFFFD F7FFFFFF     ................
007BD0: FFFFFFFF FFFFFFFF FFFFFFFF FFFFFFFF     ................
007BE0: FFFFFFFF FFFFFFFF FFFFFFFF FFFFFFFF     ................
007BF0: FFFFFFFF FFFFFFFF FFFFFFFF FFFFFFFF     ................
007C00: FFFFFFFF FFFFFFFF FFFFFFFF FFFFFFFF     ................
007C10: FFFFFFFF FFFFFFFF FFFFFFFF FFFFFFFF     ................
007C20: FFFFFFFF FFFFFFFF FFFFFFFF FFFFFFFF     ................
007C30: FFFFFFFF FFFFFFFF FFFFFFFF FFFFFFFF     ................
007C40: FFFFFFFF FFFFFFFF FFFFFFFF FFFFFFFF     ................
007C50: FFFFFFFF FFFFFFFF FFFFFFFF FFFFFFFF     ................
007C60: FFFFFFFF FFFFFFFF FFFFFFFF FFFFFFFF     ................
007C70: FFFFFFFF FFFFFFFF FFFFFFFF FFFFFFFF     ................
007C80: FFFFFFFF FDFFFFFF FFFFFFFF FFFFFFFF     ................
007C90: FFFFFFFF FFFFFFFF FFFFFFFF FFFFFFFF     ................
007CA0: FFFFFFFF FFFFFFFF FFFFFFFF FFFFFFFF     ................
007CB0: FFFFFFFF FFFFFFFF FFFFFFFF FFFFFFFF     ................
007CC0: FFFFFFFF FFFFFFFF FFFFFFFF FFFFFFFF     ................
007CD0: FFFFFFFF FFFFFFFF FFFFFFFF FFFFFFFF     ................
007CE0: FFFFFFFF FFFFFFFF FFFFFFFF FFFFFFFF     ................
007CF0: FFFFFFFF FFFFFFFF FFFFFFFF FFFFFFFF     ................
007D00: FFFFFFFF FFFFFFFF FFFFFFFF FFFFFFFF     ................
007D10: FFFFFFFF FFFFFFFF FFFFFFFF FFFFFFFF     ................
007D20: FFFFFFFF FFFFFFFF FFFFFFFF FFFFFFFF     ................
007D30: FFFFFFFF FFFFFFFF FFFFFFFF FFFFFFFF     ................
007D40: FFFFFFFF FFFFFFFF FFFFFFFF FFFFFFFF     ................
007D50: FFFFFFFF FFFFFFFF FFFFFFFF FFFFFFFF     ................
007D60: FFFFFFFF FFFFFFFF FFFFFFFF FFFFFFFF     ................
007D70: FFFFFFFF FFFFFFFF FFFFFFFF FFFFFFFF     ................
007D80: AEFFFFFF 7BFFFFFE FFFFFFFF FFFFFFFF     ....{...........
007D90: FFFFFFFF FFFFFFFF FFFFFFFF FFFFFFFF     ................
007DA0: FFFFFFFF FFFFFFFF FFFFFFFF FFFFFFFF     ................
007DB0: FFFFFFFF FFFFFFFF FFFFFFFF FFFFFFFF     ................
007DC0: FFFFFFFF FFFFFFFF FFBFFFFF FFFFFFFF     ................
007DD0: FFFFFFFF FFFFFFFF FFFFFFFF FFFFFFFF     ................
007DE0: FFFFFFFF FFFFFFFF FFFFFFFF FFFFFFFF     ................
007DF0: FFFFFFFF FFFFFFFF FFFFFFFF FFFFEFFF     ................
007E00: FFFFFFFF FFFFFFFF FFFFFFFF FFFFFFFF     ................
007E10: FFFFFFFF FFFFFFFF FFFFFFFF FFFFFFFF     ................
007E20: FFFFFFFF FFFFFFFF FFFFFFFF FFFFFFFF     ................
007E30: FFFFFFFF FFFFFFFF FFFFFFFF FFFFFFFF     ................
007E40: FFFFFFFF FFFFFFFF FFFFFFFF FFFFFFFF     ................
007E50: FFFFFFFF FFFFFFFF FFFFFFFF FFFFFFFF     ................
007E60: FFFFFFFF FFFFFFFF FFFFFFFF FFFFFFFF     ................
007E70: FFFFFFFF FFFFFFFF FFFFFFFF FFFFFFFF     ................
007E80: FDFFFFFF FFFFFFFF FFFFFFFF FFFFFFFF     ................
007E90: FFFFFFFF FFFFFFFF FFFFFFFF FFFFFFFF     ................
007EA0: FFFFFFFF FFFFFFFF FFFFFFFF FFFFFFFF     ................
007EB0: FFFFFFFF FFFFFFFF FFFFFFFF FFFFFFFF     ................
007EC0: FFFFFFFF FFFFFFFF FFFFFFFF FFFFFFFF     ................
007ED0: FFFFFFFF FFFFFFFF FFFFFFFF FFFFFFFF     ................
007EE0: FFFFFFFF FFFFFFFF FFFFFFFF FFFFFFFF     ................
007EF0: FFFFFFFF FFFFFFFF FFFFFFFF FFFFDFFF     ................
007F00: FFFFFFFF FFFFFFFF FFFFFFFF FFFFFFFF     ................
007F10: FFFFFFFF FFFFFFFF FFFFFFFF FFFFFFFF     ................
007F20: FFFFFFFF FFFFFFFF FFF7FFFF FFFFFFFF     ................
007F30: FFFFFF7F FFFFFFFF FFFFFFFF FFFFFFEF     ...............
007F40: FFFFFFFF FFFFFFFF FFFFFFFF FFFFFFFF     ................
007F50: FFFFFFFF FFFFFFFF BFFFFFFF FFFFFFFF     ................
007F60: FFFFFFFF FFFFFFFF FFFFFFFF FFFFFFFF     ................
007F70: FFFFFFFF FFFFFFFF FFFFFFFF FFFFFFFF     ................
007F80: 9FFFFF00 F5FFFFFF FFFFFFFF FFFFFFFF     ................
007F90: FFFFFFFF FFFFFFFF FFBFFFFF FFFEFFFF     ................
007FA0: FFFFFFFF FFFFEFFF FFFFFFFF FFFFFFFF     ................
007FB0: FFFFFFFF FFFFFFFF FFFFFFFF FFFFFFFF     ................
007FC0: FFFFFFFF FFFFFFFF FFFFFFFF FFFFFFFF     ................
007FD0: FFFFFFFF FFFFFFFF FFFFFFFF FFFFFFFF     ................
007FE0: FFFFFFFF 00000000 00000000 00000000     ................
007FF0: 00000000 00000000 00000000 00810000     ................
